-- Script de Inserção de Dados Gerado Automaticamente
BEGIN TRANSACTION;

-- Dados para Departamentos
INSERT INTO Departamentos (ID_depart, Nome, ID_gerente) VALUES
(1, 'Recursos Humanos', NULL),
(2, 'Tecnologia da Informação', NULL),
(3, 'Financeiro', NULL),
(4, 'Marketing', NULL),
(5, 'Vendas', NULL),
(6, 'Qualidade', NULL),
(7, 'Atendimento ao Cliente', NULL),
(8, 'Jurídico', NULL);

-- Dados para Funcionarios
INSERT INTO Funcionarios (ID_fun, NIF, Primeiro_nome, Ultimo_nome, Nome_rua, Nome_localidade, Codigo_postal, Num_telemovel, Email, Data_nascimento, Cargo, ID_depart) VALUES
(1, '283684275', 'Luna', 'Nunes', 'Praça de Miranda', 'Tarouca', '2364-636', '917682238', 'carneiroines@example.com', '1976-02-22', 'Analista', 4),
(2, '283684276', 'Érica', 'Figueiredo', 'Praça da Lingueta', 'Vila Real', '2647-995', '+351969923516', 'valentemarcio@example.org', '1975-07-21', 'Coordenador', 2),
(3, '283684277', 'Mafalda', 'Monteiro', 'Travessa da Graça', 'Vila Nova de Foz Côa', '1556-643', '+351931165239', 'lalves@example.org', '1995-04-18', 'Assistente', 4),
(4, '283684278', 'Joaquim', 'Pacheco', 'Av Nunes', 'São Mamede de Infesta', '0767-898', '921898101', 'zmagalhaes@example.net', '1993-11-30', 'Analista', 1),
(5, '283684279', 'Daniel', 'Ferreira', 'Rua Araújo', 'Almada', '5816-327', '(351) 967444619', 'borgesgustavo@example.org', '1989-05-12', 'Desenvolvedor', 7),
(6, '283684280', 'Guilherme', 'Mendes', 'Largo Iara Correia', 'Sacavém', '3679-380', '(351) 914918347', 'canjos@example.net', '1964-07-19', 'Assistente', 1),
(7, '283684281', 'Wilson', 'Carvalho', 'Travessa Alves', 'Oliveira do Hospital', '5994-871', '(351) 938 967 016', 'rantunes@example.net', '1986-09-23', 'Desenvolvedor', 2),
(8, '283684282', 'Sandro', 'Simões', 'Travessa de Nunes', 'Torres Vedras', '4802-412', '+351236701910', 'franciscomarques@example.net', '1980-12-08', 'Coordenador', 1),
(9, '283684283', 'Flor', 'Pires', 'Rua do Pinzaleiro', 'Marco de Canaveses', '2405-740', '(351) 914 010 524', 'gsimoes@example.net', '1960-03-22', 'Desenvolvedor', 3),
(10, '283684284', 'Igor', 'Brito', 'Alameda Eva Macedo', 'Tavira', '7381-290', '+351918415568', 'pachecofernando@example.org', '2005-10-30', 'Desenvolvedor', 8),
(11, '283684285', 'Luísa', 'Barros', 'Av do Codeçal', 'Matosinhos', '6384-970', '921157571', 'enzogoncalves@example.com', '1966-07-08', 'Analista', 2),
(12, '283684286', 'Bruna', 'Gonçalves', 'Alameda Guilherme Marques', 'Figueira da Foz', '2430-691', '267 545 151', 'melissavalente@example.net', '1995-09-28', 'Analista', 1),
(13, '283684287', 'Lisandro', 'Pinto', 'Av da Rainha D. Leonor', 'Entroncamento', '0392-743', '+351932113697', 'carvalhomario@example.org', '1984-02-16', 'Desenvolvedor', 2),
(14, '283684288', 'Inês', 'Morais', 'Av Teixeira', 'Vila Nova de Famalicão', '7229-541', '(351) 923468806', 'costalourenco@example.org', '1985-02-06', 'Analista', 8),
(15, '283684289', 'Clara', 'Coelho', 'Travessa Fábio Vieira', 'Vila do Conde', '7397-310', '934816266', 'gpires@example.com', '1967-06-16', 'Coordenador', 2),
(16, '283684290', 'Mateus', 'Matias', 'Alameda de Cunha', 'Freamunde', '5662-794', '913733670', 'matilde86@example.net', '1966-10-02', 'Analista', 2),
(17, '283684291', 'Lorena', 'Nunes', 'Avenida do Paço', 'Mangualde', '8988-360', '+351938264931', 'fcarneiro@example.org', '1978-11-09', 'Coordenador', 8),
(18, '283684292', 'Flor', 'Rocha', 'Travessa Matos', 'Albufeira', '4692-318', '(351) 936 593 694', 'kmatias@example.com', '1998-12-10', 'Analista', 5),
(19, '283684293', 'Vicente', 'Miranda', 'Av Alexandra Branco', 'Torres Novas', '7991-336', '+351296755768', 'matiasnadia@example.org', '1982-01-02', 'Desenvolvedor', 7),
(20, '283684294', 'Noah', 'Vicente', 'Largo da Lingueta', 'Santana', '3032-131', '(351) 925676943', 'pereirahugo@example.net', '2006-04-15', 'Assistente', 6),
(21, '283684295', 'Valentina', 'Anjos', 'Rua Flor Andrade', 'Vila Nova de Foz Côa', '5458-283', '+351296812030', 'vpacheco@example.net', '1998-07-18', 'Desenvolvedor', 7),
(22, '283684296', 'Flor', 'Lima', 'Largo de Coelho', 'Lourosa', '0135-427', '(351) 966841060', 'kellycastro@example.com', '1980-06-11', 'Assistente', 5),
(23, '283684297', 'João', 'Carneiro', 'Alameda Barbosa', 'Abrantes', '5234-580', '923 422 471', 'lia04@example.com', '1970-12-31', 'Coordenador', 7),
(24, '283684298', 'Camila', 'Freitas', 'R. Vicente Nascimento', 'Porto Santo', '6037-096', '(351) 925 299 955', 'teixeiraedgar@example.com', '1987-03-06', 'Desenvolvedor', 4),
(25, '283684299', 'Miguel', 'Gaspar', 'Largo Nair Jesus', 'Alcobaça', '8969-224', '+351921861511', 'nogueiratomas@example.com', '1990-03-05', 'Assistente', 6),
(26, '283684300', 'Ricardo', 'Fonseca', 'Largo de Pinto', 'Anadia', '1420-537', '(351) 965251802', 'lcunha@example.net', '1985-11-09', 'Analista', 2),
(27, '283684301', 'Lia', 'Sá', 'Travessa Azevedo', 'Ovar', '4030-901', '(351) 258366459', 'patricia23@example.org', '1969-08-08', 'Analista', 2),
(28, '283684302', 'António', 'Antunes', 'Largo Monteiro', 'Oliveira do Bairro', '1175-608', '(351) 960 330 747', 'catarina98@example.org', '1982-04-07', 'Coordenador', 1),
(29, '283684303', 'Mélanie', 'Matias', 'Alameda de Melo', 'Silves', '6417-754', '(351) 967 570 932', 'mia28@example.net', '2004-08-13', 'Desenvolvedor', 7),
(30, '283684304', 'Luca', 'Cardoso', 'Avenida Sérgio Pinheiro', 'Vila Nova de Foz Côa', '5537-858', '(351) 925 771 050', 'tomeramos@example.com', '1962-10-20', 'Assistente', 8),
(31, '283684305', 'Nuno', 'Cardoso', 'Av Mélanie Moura', 'Santana', '9572-666', '(351) 230 553 285', 'diogopacheco@example.com', '2003-05-09', 'Desenvolvedor', 2),
(32, '283684306', 'Inês', 'Lourenço', 'Travessa de Leite', 'Lisboa', '4927-181', '+351961101058', 'matiasmorais@example.org', '1992-09-16', 'Desenvolvedor', 7),
(33, '283684307', 'Lúcia', 'Matos', 'Avenida Freitas', 'Fiães', '6380-496', '+351235840129', 'obranco@example.com', '2004-08-30', 'Assistente', 2),
(34, '283684308', 'Francisca', 'Torres', 'Av Mariana Pinto', 'Figueira da Foz', '6096-650', '(351) 915 884 514', 'epinho@example.org', '1981-05-15', 'Assistente', 5),
(35, '283684309', 'Márcio', 'Costa', 'Avenida Eduarda Freitas', 'Paços de Ferreira', '2265-478', '(351) 915 096 286', 'tpaiva@example.net', '1968-07-09', 'Coordenador', 8),
(36, '283684310', 'Enzo', 'Loureiro', 'Alameda Faria', 'Paredes', '1340-777', '+351911539468', 'nascimentogil@example.com', '1989-09-25', 'Coordenador', 2),
(37, '283684311', 'Rafael', 'Abreu', 'Praça de Mota', 'Oliveira de Azeméis', '9879-899', '+351964045278', 'valentina35@example.com', '1983-07-30', 'Analista', 3),
(38, '283684312', 'Hugo', 'Vieira', 'Largo Alice Cruz', 'Fundão', '1920-214', '(351) 932787576', 'eamaral@example.com', '1993-05-11', 'Desenvolvedor', 8),
(39, '283684313', 'Ivo', 'Correia', 'Alameda Barbosa', 'Gandra', '4746-331', '(351) 929 567 780', 'ivicente@example.com', '2005-08-03', 'Desenvolvedor', 1),
(40, '283684314', 'Ariana', 'Baptista', 'Praça Madalena Melo', 'Santana', '4714-626', '(351) 914169491', 'britoalexandre@example.com', '1992-08-21', 'Analista', 3),
(41, '283684315', 'Matilde', 'Henriques', 'Alameda de Branco', 'Vila do Conde', '7260-035', '(351) 934 768 878', 'isabel22@example.com', '1963-11-06', 'Assistente', 7),
(42, '283684316', 'Francisca', 'Tavares', 'Largo do Freixo', 'Lourosa', '8859-919', '918278756', 'raquel21@example.com', '1969-06-20', 'Assistente', 3),
(43, '283684317', 'Afonso', 'Leite', 'R. de Sobre-o-Douro', 'Beja', '1442-771', '(351) 962 462 632', 'lucia03@example.com', '1973-01-18', 'Desenvolvedor', 8),
(44, '283684318', 'Guilherme', 'Gomes', 'Avenida do Mestre de Aviz', 'São Mamede de Infesta', '0142-635', '(351) 919531835', 'sandro53@example.org', '1965-10-07', 'Assistente', 7),
(45, '283684319', 'Melissa', 'Torres', 'Avenida Marta Pinheiro', 'Sintra', '8978-556', '(351) 961027267', 'lisandro36@example.org', '2004-12-02', 'Desenvolvedor', 5),
(46, '283684320', 'Bruna', 'Vicente', 'Rua de Francisco Borges', 'Seixal', '9961-721', '965734957', 'joaquimreis@example.com', '2007-10-04', 'Coordenador', 4),
(47, '283684321', 'Yara', 'Pinto', 'Largo do Penalva', 'Vila Nova de Gaia', '0007-612', '258 680 085', 'williamfaria@example.net', '1968-02-16', 'Assistente', 4),
(48, '283684322', 'Hugo', 'Paiva', 'Praça Neves', 'Lisboa', '1197-047', '(351) 919 890 835', 'isabelalves@example.org', '1966-11-02', 'Analista', 8),
(49, '283684323', 'Enzo', 'Esteves', 'R. Guerreiro', 'Alverca do Ribatejo', '2104-272', '+351928182507', 'ruben76@example.net', '1978-08-07', 'Assistente', 2),
(50, '283684324', 'Nádia', 'Correia', 'Travessa Barbosa', 'Vale de Cambra', '8021-771', '(351) 962 413 589', 'ismaelcosta@example.org', '1995-04-30', 'Analista', 3);

-- 3. Atualização dos Gerentes nos Departamentos
UPDATE Departamentos SET ID_gerente = 37 WHERE ID_depart = 1;
UPDATE Departamentos SET ID_gerente = 17 WHERE ID_depart = 2;
UPDATE Departamentos SET ID_gerente = 7 WHERE ID_depart = 3;
UPDATE Departamentos SET ID_gerente = 9 WHERE ID_depart = 4;
UPDATE Departamentos SET ID_gerente = 23 WHERE ID_depart = 5;
UPDATE Departamentos SET ID_gerente = 48 WHERE ID_depart = 6;
UPDATE Departamentos SET ID_gerente = 14 WHERE ID_depart = 7;
UPDATE Departamentos SET ID_gerente = 49 WHERE ID_depart = 8;

-- 4. Inserção das restantes tabelas

-- Dados para Remuneracoes
INSERT INTO Remuneracoes (ID_fun, Data_inicio, Data_fim) VALUES
(1, '2021-09-01', '2025-05-08'),
(2, '2023-12-12', NULL),
(3, '2024-01-30', '2025-12-17'),
(4, '2024-04-18', '2024-11-02'),
(5, '2020-12-01', '2022-06-09'),
(6, '2025-08-28', '2028-08-16'),
(7, '2025-10-07', NULL),
(8, '2022-06-01', NULL),
(9, '2020-12-17', '2021-10-11'),
(10, '2023-01-18', NULL),
(11, '2022-04-02', NULL),
(12, '2021-01-18', NULL),
(13, '2022-01-27', '2023-03-04'),
(14, '2025-07-15', NULL),
(15, '2023-10-11', '2024-01-15'),
(16, '2020-11-28', '2023-08-15'),
(17, '2021-08-11', '2023-05-20'),
(18, '2025-01-06', '2026-12-23'),
(19, '2024-08-29', NULL),
(20, '2025-09-04', '2027-07-03'),
(21, '2024-06-25', '2027-12-15'),
(22, '2021-02-12', '2023-03-25'),
(23, '2022-07-24', NULL),
(24, '2023-02-11', '2025-03-03'),
(25, '2024-06-07', '2027-01-28'),
(26, '2021-10-23', NULL),
(27, '2022-03-26', NULL),
(28, '2025-09-18', '2026-10-15'),
(29, '2023-07-15', '2025-01-04'),
(30, '2022-06-30', '2024-02-22'),
(31, '2023-07-23', NULL),
(32, '2024-01-25', NULL),
(33, '2024-03-16', NULL),
(34, '2022-04-28', NULL),
(35, '2022-06-13', '2022-11-26'),
(36, '2021-04-14', '2022-02-22'),
(37, '2023-12-17', NULL),
(38, '2024-05-07', '2027-12-17'),
(39, '2023-01-15', '2024-10-24'),
(40, '2022-03-02', NULL),
(41, '2023-03-03', NULL),
(42, '2021-04-06', '2022-04-18'),
(43, '2024-07-13', NULL),
(44, '2024-07-25', NULL),
(45, '2023-01-31', NULL),
(46, '2021-10-01', '2023-02-12'),
(47, '2021-09-08', NULL),
(48, '2024-10-27', '2025-08-22'),
(49, '2025-04-27', NULL),
(50, '2023-04-13', '2024-11-13');

-- Dados para Salario
INSERT INTO Salario (ID_fun, Data_inicio, salario_bruto) VALUES
(1, '2021-09-01', 1225.08),
(2, '2023-12-12', 950.0),
(3, '2024-01-30', 1909.13),
(4, '2024-04-18', 950.0),
(5, '2020-12-01', 2208.11),
(6, '2025-08-28', 2725.82),
(7, '2025-10-07', 950.0),
(8, '2022-06-01', 2412.76),
(9, '2020-12-17', 1770.82),
(10, '2023-01-18', 2212.26),
(11, '2022-04-02', 3110.49),
(12, '2021-01-18', 2162.4),
(13, '2022-01-27', 2071.16),
(14, '2025-07-15', 1169.24),
(15, '2023-10-11', 1137.73),
(16, '2020-11-28', 1687.37),
(17, '2021-08-11', 2670.26),
(18, '2025-01-06', 950.0),
(19, '2024-08-29', 950.0),
(20, '2025-09-04', 1264.43),
(21, '2024-06-25', 2315.94),
(22, '2021-02-12', 2233.49),
(23, '2022-07-24', 950.0),
(24, '2023-02-11', 3155.9),
(25, '2024-06-07', 1769.89),
(26, '2021-10-23', 950.0),
(27, '2022-03-26', 2751.22),
(28, '2025-09-18', 1074.94),
(29, '2023-07-15', 950.0),
(30, '2022-06-30', 1125.53),
(31, '2023-07-23', 1458.27),
(32, '2024-01-25', 2361.15),
(33, '2024-03-16', 1362.23),
(34, '2022-04-28', 1734.33),
(35, '2022-06-13', 2043.01),
(36, '2021-04-14', 1508.66),
(37, '2023-12-17', 1651.58),
(38, '2024-05-07', 1061.52),
(39, '2023-01-15', 2144.17),
(40, '2022-03-02', 2352.41),
(41, '2023-03-03', 1903.95),
(42, '2021-04-06', 1765.8),
(43, '2024-07-13', 1624.53),
(44, '2024-07-25', 1219.51),
(45, '2023-01-31', 1870.91),
(46, '2021-10-01', 2575.22),
(47, '2021-09-08', 1911.08),
(48, '2024-10-27', 1486.47),
(49, '2025-04-27', 2464.56),
(50, '2023-04-13', 2012.98);

-- Dados para Beneficios
INSERT INTO Beneficios (ID_fun, Data_inicio, tipo, valor) VALUES
(2, '2023-12-12', 'Carro Empresa', 152.97),
(3, '2024-01-30', 'Subsídio Alimentação', 272.26),
(3, '2024-01-30', 'Subsídio Transporte', 289.14),
(5, '2020-12-01', 'Subsídio Alimentação', 253.22),
(6, '2025-08-28', 'Subsídio Transporte', 288.99),
(6, '2025-08-28', 'Subsídio Alimentação', 113.54),
(6, '2025-08-28', 'Seguro Saúde', 287.26),
(7, '2025-10-07', 'Subsídio Alimentação', 251.77),
(7, '2025-10-07', 'Subsídio Transporte', 383.17),
(7, '2025-10-07', 'Carro Empresa', 331.09),
(8, '2022-06-01', 'Subsídio Alimentação', 252.85),
(8, '2022-06-01', 'Telemóvel Empresa', 431.77),
(8, '2022-06-01', 'Subsídio Transporte', 384.67),
(9, '2020-12-17', 'Subsídio Alimentação', 42.48),
(9, '2020-12-17', 'Seguro Saúde', 144.56),
(10, '2023-01-18', 'Seguro Saúde', 206.72),
(10, '2023-01-18', 'Subsídio Transporte', 361.63),
(10, '2023-01-18', 'Carro Empresa', 163.16),
(12, '2021-01-18', 'Subsídio Alimentação', 320.99),
(12, '2021-01-18', 'Carro Empresa', 365.14),
(12, '2021-01-18', 'Seguro Saúde', 289.03),
(14, '2025-07-15', 'Subsídio Alimentação', 314.74),
(15, '2023-10-11', 'Carro Empresa', 307.45),
(15, '2023-10-11', 'Telemóvel Empresa', 140.86),
(16, '2020-11-28', 'Seguro Saúde', 118.98),
(17, '2021-08-11', 'Carro Empresa', 44.65),
(17, '2021-08-11', 'Subsídio Transporte', 297.18),
(17, '2021-08-11', 'Seguro Saúde', 152.33),
(18, '2025-01-06', 'Subsídio Alimentação', 31.99),
(18, '2025-01-06', 'Seguro Saúde', 298.85),
(18, '2025-01-06', 'Telemóvel Empresa', 312.99),
(19, '2024-08-29', 'Carro Empresa', 324.48),
(19, '2024-08-29', 'Seguro Saúde', 334.41),
(20, '2025-09-04', 'Carro Empresa', 83.31),
(20, '2025-09-04', 'Seguro Saúde', 370.65),
(20, '2025-09-04', 'Subsídio Transporte', 330.95),
(21, '2024-06-25', 'Subsídio Transporte', 423.67),
(22, '2021-02-12', 'Subsídio Transporte', 61.16),
(22, '2021-02-12', 'Carro Empresa', 285.15),
(22, '2021-02-12', 'Subsídio Alimentação', 448.81),
(23, '2022-07-24', 'Seguro Saúde', 351.65),
(24, '2023-02-11', 'Seguro Saúde', 198.62),
(24, '2023-02-11', 'Subsídio Transporte', 31.2),
(24, '2023-02-11', 'Carro Empresa', 364.56),
(25, '2024-06-07', 'Subsídio Alimentação', 379.19),
(26, '2021-10-23', 'Subsídio Transporte', 417.4),
(27, '2022-03-26', 'Carro Empresa', 186.56),
(30, '2022-06-30', 'Carro Empresa', 146.12),
(30, '2022-06-30', 'Subsídio Alimentação', 247.36),
(31, '2023-07-23', 'Carro Empresa', 113.37),
(31, '2023-07-23', 'Seguro Saúde', 161.3),
(31, '2023-07-23', 'Telemóvel Empresa', 385.98),
(32, '2024-01-25', 'Seguro Saúde', 253.71),
(32, '2024-01-25', 'Subsídio Alimentação', 201.62),
(34, '2022-04-28', 'Telemóvel Empresa', 287.65),
(34, '2022-04-28', 'Seguro Saúde', 347.17),
(34, '2022-04-28', 'Carro Empresa', 412.31),
(35, '2022-06-13', 'Telemóvel Empresa', 189.69),
(35, '2022-06-13', 'Seguro Saúde', 282.25),
(36, '2021-04-14', 'Subsídio Transporte', 197.32),
(37, '2023-12-17', 'Seguro Saúde', 61.02),
(37, '2023-12-17', 'Subsídio Alimentação', 163.05),
(37, '2023-12-17', 'Telemóvel Empresa', 214.59),
(38, '2024-05-07', 'Carro Empresa', 436.98),
(39, '2023-01-15', 'Subsídio Transporte', 421.43),
(40, '2022-03-02', 'Subsídio Transporte', 418.59),
(40, '2022-03-02', 'Telemóvel Empresa', 303.98),
(40, '2022-03-02', 'Carro Empresa', 36.73),
(43, '2024-07-13', 'Seguro Saúde', 114.77),
(43, '2024-07-13', 'Subsídio Transporte', 357.51),
(44, '2024-07-25', 'Telemóvel Empresa', 97.01),
(44, '2024-07-25', 'Subsídio Transporte', 413.0),
(44, '2024-07-25', 'Carro Empresa', 76.61),
(45, '2023-01-31', 'Subsídio Alimentação', 402.27),
(48, '2024-10-27', 'Seguro Saúde', 364.25),
(48, '2024-10-27', 'Subsídio Alimentação', 99.19),
(49, '2025-04-27', 'Subsídio Transporte', 354.03);

-- Dados para Ferias
INSERT INTO Ferias (ID_fun, data_inicio, data_fim, num_dias, estado_aprov) VALUES
(1, '2023-10-26', '2023-10-29', 3, 'Por aprovar'),
(1, '2025-08-08', '2025-08-15', 7, 'Aprovado'),
(1, '2024-01-02', '2024-01-11', 9, 'Por aprovar'),
(2, '2025-01-31', '2025-02-10', 10, 'Aprovado'),
(2, '2025-05-16', '2025-05-23', 7, 'Rejeitado'),
(2, '2023-07-25', '2023-08-04', 10, 'Rejeitado'),
(3, '2025-06-14', '2025-06-24', 10, 'Aprovado'),
(5, '2025-10-14', '2025-10-28', 14, 'Aprovado'),
(5, '2025-07-08', '2025-07-15', 7, 'Aprovado'),
(6, '2025-10-04', '2025-10-11', 7, 'Rejeitado'),
(7, '2025-04-19', '2025-04-28', 9, 'Aprovado'),
(8, '2024-12-30', '2025-01-14', 15, 'Aprovado'),
(8, '2023-06-22', '2023-07-02', 10, 'Aprovado'),
(9, '2025-08-29', '2025-09-01', 3, 'Rejeitado'),
(10, '2024-02-13', '2024-02-22', 9, 'Rejeitado'),
(11, '2023-08-20', '2023-08-30', 10, 'Aprovado'),
(11, '2024-09-06', '2024-09-18', 12, 'Aprovado'),
(11, '2022-11-28', '2022-12-11', 13, 'Rejeitado'),
(12, '2023-12-07', '2023-12-20', 13, 'Aprovado'),
(12, '2023-01-19', '2023-01-25', 6, 'Por aprovar'),
(13, '2023-08-04', '2023-08-11', 7, 'Aprovado'),
(13, '2023-03-11', '2023-03-26', 15, 'Aprovado'),
(14, '2024-06-11', '2024-06-17', 6, 'Aprovado'),
(14, '2025-07-29', '2025-08-09', 11, 'Rejeitado'),
(14, '2023-12-29', '2024-01-05', 7, 'Aprovado'),
(14, '2024-12-12', '2024-12-18', 6, 'Por aprovar'),
(15, '2024-06-02', '2024-06-11', 9, 'Por aprovar'),
(15, '2025-08-26', '2025-08-31', 5, 'Aprovado'),
(15, '2024-08-06', '2024-08-15', 9, 'Aprovado'),
(16, '2024-02-25', '2024-03-02', 6, 'Aprovado'),
(16, '2024-05-22', '2024-06-01', 10, 'Rejeitado'),
(17, '2025-02-06', '2025-02-17', 11, 'Aprovado'),
(17, '2023-06-02', '2023-06-10', 8, 'Aprovado'),
(17, '2024-10-27', '2024-11-05', 9, 'Aprovado'),
(17, '2025-05-18', '2025-05-20', 2, 'Rejeitado'),
(18, '2024-02-27', '2024-03-13', 15, 'Por aprovar'),
(18, '2023-05-05', '2023-05-11', 6, 'Aprovado'),
(18, '2025-04-29', '2025-05-04', 5, 'Aprovado'),
(18, '2023-05-06', '2023-05-19', 13, 'Aprovado'),
(19, '2024-10-21', '2024-10-29', 8, 'Por aprovar'),
(20, '2024-10-07', '2024-10-17', 10, 'Aprovado'),
(21, '2024-09-07', '2024-09-19', 12, 'Aprovado'),
(21, '2024-09-19', '2024-09-29', 10, 'Aprovado'),
(21, '2023-02-03', '2023-02-12', 9, 'Aprovado'),
(22, '2025-06-19', '2025-06-25', 6, 'Por aprovar'),
(24, '2024-04-04', '2024-04-12', 8, 'Aprovado'),
(24, '2024-11-18', '2024-11-27', 9, 'Por aprovar'),
(24, '2023-03-23', '2023-04-02', 10, 'Aprovado'),
(25, '2024-05-22', '2024-05-28', 6, 'Por aprovar'),
(25, '2025-04-05', '2025-04-14', 9, 'Aprovado'),
(26, '2023-09-05', '2023-09-10', 5, 'Aprovado'),
(27, '2024-12-18', '2024-12-25', 7, 'Aprovado'),
(27, '2023-02-03', '2023-02-16', 13, 'Aprovado'),
(27, '2023-02-14', '2023-02-22', 8, 'Aprovado'),
(27, '2024-04-21', '2024-05-04', 13, 'Aprovado'),
(28, '2024-06-07', '2024-06-22', 15, 'Aprovado'),
(28, '2025-01-17', '2025-01-26', 9, 'Aprovado'),
(28, '2024-12-07', '2024-12-22', 15, 'Por aprovar'),
(29, '2024-09-13', '2024-09-28', 15, 'Aprovado'),
(29, '2024-01-21', '2024-01-31', 10, 'Aprovado'),
(29, '2024-09-30', '2024-10-08', 8, 'Aprovado'),
(29, '2024-08-14', '2024-08-28', 14, 'Por aprovar'),
(30, '2022-11-28', '2022-11-30', 2, 'Aprovado'),
(30, '2024-08-17', '2024-08-28', 11, 'Rejeitado'),
(30, '2025-05-13', '2025-05-15', 2, 'Aprovado'),
(31, '2025-07-25', '2025-08-04', 10, 'Aprovado'),
(31, '2025-02-14', '2025-03-01', 15, 'Aprovado'),
(31, '2024-11-21', '2024-12-02', 11, 'Rejeitado'),
(32, '2023-05-29', '2023-06-03', 5, 'Rejeitado'),
(32, '2023-08-15', '2023-08-19', 4, 'Aprovado'),
(32, '2024-11-09', '2024-11-16', 7, 'Aprovado'),
(33, '2025-05-09', '2025-05-14', 5, 'Aprovado'),
(33, '2025-09-27', '2025-10-03', 6, 'Aprovado'),
(33, '2025-09-29', '2025-10-03', 4, 'Aprovado'),
(34, '2024-01-10', '2024-01-20', 10, 'Por aprovar'),
(35, '2024-12-02', '2024-12-10', 8, 'Aprovado'),
(36, '2023-03-09', '2023-03-21', 12, 'Aprovado'),
(36, '2024-03-02', '2024-03-17', 15, 'Aprovado'),
(36, '2025-09-08', '2025-09-17', 9, 'Aprovado'),
(41, '2023-05-13', '2023-05-23', 10, 'Aprovado'),
(41, '2024-03-31', '2024-04-11', 11, 'Aprovado'),
(41, '2024-04-18', '2024-04-20', 2, 'Aprovado'),
(41, '2024-09-09', '2024-09-19', 10, 'Rejeitado'),
(42, '2023-03-25', '2023-04-07', 13, 'Aprovado'),
(42, '2024-10-18', '2024-10-24', 6, 'Aprovado'),
(43, '2023-10-31', '2023-11-06', 6, 'Aprovado'),
(43, '2025-01-29', '2025-02-09', 11, 'Rejeitado'),
(43, '2023-07-06', '2023-07-09', 3, 'Aprovado'),
(44, '2025-02-26', '2025-03-11', 13, 'Aprovado'),
(44, '2025-06-15', '2025-06-29', 14, 'Aprovado'),
(44, '2025-04-01', '2025-04-03', 2, 'Rejeitado'),
(44, '2023-08-12', '2023-08-24', 12, 'Rejeitado'),
(45, '2023-12-05', '2023-12-13', 8, 'Aprovado'),
(47, '2024-11-30', '2024-12-12', 12, 'Rejeitado'),
(48, '2024-08-28', '2024-09-12', 15, 'Por aprovar'),
(48, '2025-09-25', '2025-10-01', 6, 'Por aprovar'),
(48, '2025-08-21', '2025-08-27', 6, 'Aprovado'),
(49, '2025-03-15', '2025-03-20', 5, 'Rejeitado'),
(49, '2025-06-16', '2025-06-18', 2, 'Por aprovar'),
(49, '2025-08-30', '2025-09-04', 5, 'Rejeitado'),
(49, '2025-06-05', '2025-06-11', 6, 'Aprovado'),
(50, '2022-11-25', '2022-11-29', 4, 'Aprovado');

-- Dados para Dependentes
INSERT INTO Dependentes (ID_Fun, nome, sexo, data_nascimento, parentesco) VALUES
(4, 'Henrique Domingues', 'Feminino', '1992-04-01', 'Pai/Mãe'),
(8, 'Matilde Maia-Amorim', 'Feminino', '1973-01-19', 'Pai/Mãe'),
(15, 'Joana Esteves', 'Outro', '1976-10-23', 'Pai/Mãe'),
(20, 'Matilde Fonseca', 'Masculino', '1958-11-29', 'Pai/Mãe'),
(22, 'Vítor Fernandes', 'Outro', '1960-10-26', 'Pai/Mãe'),
(24, 'Duarte Vieira', 'Masculino', '2023-01-27', 'Pai/Mãe'),
(25, 'Renato Castro', 'Outro', '2002-11-06', 'Pai/Mãe'),
(31, 'Alexandre Rocha', 'Feminino', '2014-01-17', 'Pai/Mãe'),
(38, 'Gustavo Costa', 'Masculino', '2000-04-02', 'Pai/Mãe'),
(47, 'Constança Ferreira', 'Feminino', '2012-04-29', 'Pai/Mãe'),
(50, 'Denis Barros', 'Masculino', '1958-11-29', 'Pai/Mãe'),
(1, 'Lorena Macedo', 'Outro', '1948-07-02', 'Filho(a)'),
(2, 'Isabel Pinto', 'Outro', '1954-11-23', 'Filho(a)'),
(2, 'Maria Azevedo', 'Feminino', '2025-08-12', 'Enteado(a)'),
(2, 'Gonçalo Ferreira', 'Masculino', '1984-12-22', 'Enteado(a)'),
(3, 'Júlia Henriques', 'Outro', '1956-07-07', 'Enteado(a)'),
(3, 'Lia Sá', 'Masculino', '1980-03-10', 'Enteado(a)'),
(3, 'Érica Figueiredo', 'Outro', '1989-06-17', 'Cônjuge'),
(3, 'Raquel Paiva', 'Feminino', '1976-04-12', 'Enteado(a)'),
(5, 'Ismael Matias', 'Masculino', '1979-05-29', 'Filho(a)'),
(5, 'Teresa Lima-Ribeiro', 'Masculino', '1983-05-13', 'Filho(a)'),
(5, 'Rui Azevedo', 'Masculino', '2013-04-08', 'Cônjuge'),
(6, 'Salvador Anjos', 'Masculino', '1954-03-03', 'Filho(a)'),
(11, 'Simão Carvalho', 'Outro', '1950-04-06', 'Enteado(a)'),
(11, 'Nuno Nunes', 'Masculino', '1964-05-24', 'Enteado(a)'),
(12, 'Ismael Antunes-Cunha', 'Feminino', '2021-01-22', 'Cônjuge'),
(13, 'Eva Carvalho', 'Feminino', '1949-08-30', 'Enteado(a)'),
(13, 'Leandro Silva-Reis', 'Outro', '1987-10-03', 'Filho(a)'),
(15, 'Letícia Pinto', 'Masculino', '1983-06-14', 'Filho(a)'),
(15, 'Enzo Tavares', 'Outro', '1991-03-05', 'Filho(a)'),
(16, 'Luna Gaspar', 'Feminino', '1961-06-15', 'Enteado(a)'),
(17, 'Caetana-Emma Valente', 'Outro', '1946-07-08', 'Filho(a)'),
(17, 'Íris Campos', 'Feminino', '2009-01-24', 'Cônjuge'),
(17, 'Laura de Correia', 'Feminino', '1973-10-10', 'Enteado(a)'),
(17, 'Patrícia Oliveira', 'Feminino', '1966-10-11', 'Enteado(a)'),
(19, 'Diana Melo', 'Outro', '1987-01-16', 'Filho(a)'),
(21, 'Vasco Teixeira', 'Outro', '1956-01-27', 'Filho(a)'),
(21, 'Ema Esteves-Lopes', 'Feminino', '2008-06-13', 'Cônjuge'),
(21, 'Emanuel Mendes', 'Feminino', '1968-12-04', 'Cônjuge'),
(21, 'Erika Moura', 'Outro', '1970-01-14', 'Enteado(a)'),
(22, 'Rita de Faria', 'Feminino', '1961-03-20', 'Filho(a)'),
(22, 'Marta Antunes', 'Outro', '1985-07-22', 'Filho(a)'),
(24, 'Débora da Baptista', 'Feminino', '1996-09-10', 'Cônjuge'),
(24, 'Eva Barros', 'Feminino', '1967-02-06', 'Filho(a)'),
(25, 'Fábio Vieira-Baptista', 'Outro', '2021-09-10', 'Enteado(a)'),
(27, 'Francisco do Ramos', 'Outro', '2006-07-26', 'Filho(a)'),
(27, 'Emília Jesus-Guerreiro', 'Outro', '2020-06-01', 'Cônjuge'),
(28, 'Kyara Guerreiro', 'Feminino', '1952-12-26', 'Filho(a)'),
(28, 'Vítor Rodrigues', 'Outro', '2010-05-11', 'Filho(a)'),
(28, 'Duarte Vieira', 'Masculino', '1964-12-29', 'Filho(a)'),
(28, 'Vítor do Cardoso', 'Feminino', '1946-01-10', 'Cônjuge'),
(30, 'Tatiana Carneiro-Matias', 'Masculino', '1981-08-01', 'Cônjuge'),
(30, 'Érica Henriques', 'Masculino', '2009-03-13', 'Filho(a)'),
(31, 'Kyara do Anjos', 'Outro', '2016-03-08', 'Enteado(a)'),
(31, 'Lia Matos', 'Outro', '2017-12-02', 'Cônjuge'),
(31, 'Mariana Guerreiro-Valente', 'Outro', '1997-12-08', 'Filho(a)'),
(32, 'Marta Fonseca', 'Feminino', '2022-03-24', 'Filho(a)'),
(32, 'Larissa Gonçalves', 'Feminino', '1953-02-19', 'Filho(a)'),
(32, 'Luísa Gomes', 'Outro', '2019-09-11', 'Filho(a)'),
(33, 'Caetana Rodrigues', 'Outro', '1977-09-25', 'Filho(a)'),
(34, 'Samuel Alves', 'Outro', '2015-10-27', 'Filho(a)'),
(34, 'Manuel Guerreiro', 'Masculino', '1961-08-17', 'Filho(a)'),
(35, 'Adriana-Mia Henriques', 'Feminino', '2005-08-07', 'Enteado(a)'),
(35, 'Rita Rodrigues', 'Feminino', '2015-04-19', 'Enteado(a)'),
(37, 'Joel Anjos', 'Outro', '1957-09-24', 'Filho(a)'),
(37, 'Isabel Azevedo', 'Outro', '1970-01-30', 'Filho(a)'),
(37, 'Isabel Leal', 'Masculino', '2007-12-31', 'Filho(a)'),
(38, 'Noa Neves-Moura', 'Feminino', '1974-08-07', 'Enteado(a)'),
(38, 'Teresa Rodrigues', 'Feminino', '1982-10-03', 'Cônjuge'),
(38, 'Mafalda de Monteiro', 'Outro', '1964-10-27', 'Filho(a)'),
(42, 'Laura Vicente', 'Masculino', '1951-08-11', 'Enteado(a)'),
(42, 'Luísa Silva', 'Feminino', '1971-05-07', 'Filho(a)'),
(42, 'Emanuel Valente', 'Outro', '1984-07-09', 'Filho(a)'),
(42, 'Yara Vaz-Rodrigues', 'Outro', '2009-10-09', 'Filho(a)'),
(43, 'Naiara Amorim', 'Outro', '1973-12-04', 'Enteado(a)'),
(43, 'Joana da Pinheiro', 'Feminino', '2013-04-21', 'Enteado(a)'),
(43, 'Ana Valente', 'Outro', '1956-02-26', 'Cônjuge'),
(45, 'Margarida da Garcia', 'Outro', '2017-02-22', 'Filho(a)'),
(47, 'Helena Campos', 'Outro', '1988-09-25', 'Filho(a)'),
(50, 'Duarte Soares', 'Outro', '2021-03-17', 'Filho(a)'),
(50, 'Alice Batista', 'Masculino', '1949-12-20', 'Enteado(a)'),
(50, 'Emília Moreira', 'Outro', '1966-03-28', 'Filho(a)');

-- Dados para Faltas
INSERT INTO Faltas (ID_Fun, Data, Justificacao) VALUES
(2, '2023-10-13', NULL),
(2, '2023-10-31', 'Doença súbita'),
(2, '2024-12-21', 'Procedimentos legais/burocráticos'),
(2, '2023-01-18', 'Procedimentos legais/burocráticos'),
(2, '2025-10-16', 'Doença súbita'),
(2, '2023-11-20', 'Consulta médica'),
(4, '2024-02-11', 'Consulta médica'),
(4, '2024-03-08', 'Avaria de transporte'),
(4, '2024-01-20', 'Doença súbita'),
(5, '2024-08-31', 'Assuntos pessoais urgentes'),
(5, '2023-11-05', 'Assuntos pessoais urgentes'),
(6, '2023-02-08', 'Apoio à família'),
(6, '2025-07-09', 'Apoio à família'),
(7, '2023-12-30', 'Consulta médica'),
(7, '2023-09-03', 'Consulta médica'),
(7, '2023-10-04', 'Avaria de transporte'),
(7, '2023-10-31', 'Avaria de transporte'),
(7, '2023-10-05', 'Consulta médica'),
(7, '2025-04-15', 'Apoio à família'),
(8, '2024-09-14', 'Apoio à família'),
(8, '2024-07-12', 'Avaria de transporte'),
(8, '2023-02-25', 'Avaria de transporte'),
(8, '2025-02-22', NULL),
(8, '2023-12-01', NULL),
(9, '2024-02-19', 'Doença súbita'),
(9, '2023-10-23', 'Doença súbita'),
(9, '2025-01-15', NULL),
(9, '2025-10-28', 'Procedimentos legais/burocráticos'),
(11, '2025-01-11', NULL),
(11, '2023-03-19', 'Apoio à família'),
(12, '2023-01-08', 'Consulta médica'),
(12, '2023-08-29', 'Avaria de transporte'),
(12, '2024-11-24', 'Apoio à família'),
(12, '2024-11-21', 'Procedimentos legais/burocráticos'),
(13, '2023-11-04', 'Consulta médica'),
(14, '2025-08-26', 'Consulta médica'),
(14, '2023-12-04', NULL),
(14, '2023-08-22', NULL),
(16, '2024-03-17', 'Apoio à família'),
(16, '2025-04-10', NULL),
(16, '2024-04-23', 'Avaria de transporte'),
(16, '2024-06-17', 'Procedimentos legais/burocráticos'),
(16, '2024-09-23', 'Apoio à família'),
(17, '2025-09-23', NULL),
(17, '2025-02-04', 'Apoio à família'),
(18, '2022-12-23', 'Apoio à família'),
(19, '2023-07-29', 'Assuntos pessoais urgentes'),
(19, '2023-04-17', 'Doença súbita'),
(20, '2023-06-12', 'Assuntos pessoais urgentes'),
(20, '2025-02-05', NULL),
(20, '2024-02-25', 'Avaria de transporte'),
(21, '2023-08-06', 'Assuntos pessoais urgentes'),
(21, '2024-09-20', 'Consulta médica'),
(21, '2025-09-27', 'Doença súbita'),
(21, '2024-06-11', 'Apoio à família'),
(21, '2024-01-22', 'Avaria de transporte'),
(23, '2023-06-29', NULL),
(23, '2025-03-25', 'Doença súbita'),
(23, '2022-12-29', NULL),
(24, '2025-08-11', 'Avaria de transporte'),
(24, '2025-05-31', 'Apoio à família'),
(25, '2023-04-08', 'Procedimentos legais/burocráticos'),
(25, '2024-02-01', 'Procedimentos legais/burocráticos'),
(25, '2023-10-20', 'Apoio à família'),
(25, '2025-03-28', NULL),
(26, '2024-07-04', 'Avaria de transporte'),
(26, '2023-06-22', 'Avaria de transporte'),
(26, '2025-08-07', 'Apoio à família'),
(26, '2024-07-19', 'Consulta médica'),
(27, '2024-04-21', 'Assuntos pessoais urgentes'),
(27, '2024-08-04', 'Doença súbita'),
(27, '2025-04-17', 'Apoio à família'),
(29, '2024-10-02', 'Consulta médica'),
(29, '2024-03-02', NULL),
(30, '2025-11-02', 'Assuntos pessoais urgentes'),
(30, '2024-10-15', 'Doença súbita'),
(30, '2024-09-22', 'Doença súbita'),
(31, '2025-03-30', 'Doença súbita'),
(32, '2023-07-22', NULL),
(32, '2023-06-23', NULL),
(32, '2024-03-15', 'Apoio à família'),
(32, '2023-09-09', 'Assuntos pessoais urgentes'),
(33, '2025-06-13', 'Consulta médica'),
(33, '2024-08-19', 'Apoio à família'),
(33, '2025-02-19', 'Doença súbita'),
(33, '2023-08-27', 'Doença súbita'),
(33, '2023-06-15', 'Consulta médica'),
(33, '2025-08-14', NULL),
(33, '2023-09-12', 'Apoio à família'),
(34, '2024-02-02', 'Apoio à família'),
(34, '2024-03-31', 'Apoio à família'),
(34, '2025-04-09', 'Assuntos pessoais urgentes'),
(35, '2025-02-28', 'Consulta médica'),
(35, '2023-09-06', NULL),
(35, '2023-11-14', 'Assuntos pessoais urgentes'),
(35, '2025-05-19', NULL),
(35, '2025-04-22', 'Doença súbita'),
(35, '2024-10-30', 'Doença súbita'),
(36, '2023-05-20', 'Assuntos pessoais urgentes'),
(36, '2024-10-25', NULL),
(36, '2023-08-18', 'Avaria de transporte'),
(37, '2023-09-29', 'Procedimentos legais/burocráticos'),
(37, '2023-04-08', NULL),
(37, '2024-09-19', 'Doença súbita'),
(37, '2023-10-02', 'Procedimentos legais/burocráticos'),
(38, '2023-09-22', 'Procedimentos legais/burocráticos'),
(39, '2024-11-29', 'Consulta médica'),
(39, '2025-07-23', NULL),
(39, '2023-06-06', 'Consulta médica'),
(40, '2024-04-28', 'Doença súbita'),
(40, '2024-09-02', NULL),
(40, '2025-03-16', 'Assuntos pessoais urgentes'),
(41, '2024-03-30', NULL),
(41, '2024-07-21', 'Apoio à família'),
(41, '2023-04-02', 'Consulta médica'),
(45, '2025-10-30', 'Assuntos pessoais urgentes'),
(45, '2024-06-16', NULL),
(45, '2023-12-20', 'Apoio à família'),
(46, '2025-07-15', 'Avaria de transporte'),
(46, '2025-05-19', NULL),
(47, '2023-12-26', NULL),
(48, '2024-12-20', 'Consulta médica'),
(48, '2023-03-24', 'Apoio à família'),
(48, '2023-06-13', 'Procedimentos legais/burocráticos'),
(49, '2024-05-24', 'Avaria de transporte'),
(49, '2025-01-08', NULL),
(49, '2024-07-16', 'Avaria de transporte'),
(49, '2023-02-18', NULL),
(49, '2024-07-05', 'Consulta médica'),
(50, '2024-10-25', 'Apoio à família'),
(50, '2024-02-19', 'Avaria de transporte'),
(50, '2025-01-08', NULL),
(50, '2024-03-22', 'Consulta médica');

-- Dados para Historico_empresas
INSERT INTO Historico_empresas (ID_Fun, Nome_empresa, Nome_departamento, Cargo, Data_inicio, Data_fim) VALUES
(2, 'Amaral e Filhos', 'Vendas', 'Diretores de armazenagem, distribuição e relacionados', '2022-08-30', '2024-07-21'),
(2, 'Morais Ramos Lda.', 'Vendas', 'Operador de máquinas e de equipamentos para trabalhar madeira', '2016-10-07', '2021-09-28'),
(2, 'Lopes', 'Operações', 'Operador de instalações de tratamento térmico de metais', '2013-01-02', '2015-10-08'),
(3, 'Branco', 'Tecnologia da Informação', 'Diretor de produção florestal', '2020-03-11', '2024-11-16'),
(5, 'Rodrigues e Filhos', 'Vendas', 'Operador de instalações e máquinas para moagem de substâncias químicas', '2020-11-10', '2025-03-01'),
(6, 'Batista S/A', 'Logística', 'Representante comercial', '2022-12-31', '2024-06-13'),
(6, 'Cunha Nascimento e Filhos', 'Produto', 'Treinador de desportos', '2020-02-16', '2022-03-10'),
(6, 'Pinheiro', 'Administrativo', 'Especialista em recursos humanos', '2015-04-03', '2019-09-20'),
(7, 'Costa Lda.', 'Recursos Humanos', 'Agente funerário', '2020-01-08', '2023-11-11'),
(7, 'Baptista e Filhos', 'Marketing', 'Carpinteiro naval', '2017-03-30', '2019-10-25'),
(8, 'Mota Carvalho S.A.', 'Operações', 'Operador de máquinas para trabalhar o cimento', '2022-01-17', '2025-03-06'),
(8, 'Anjos S.A.', 'Produto', 'Motorista de táxis', '2018-03-13', '2021-01-28'),
(8, 'Garcia Rocha Lda.', 'Tecnologia da Informação', 'Eletromecânico, eletricista e outros instaladores de máquinas e equipamentos elétricos', '2014-04-27', '2017-10-27'),
(9, 'Simões Santos Lda.', 'Logística', 'Artesão de artigos em madeira', '2022-01-19', '2024-12-30'),
(9, 'Anjos', 'Logística', 'Salsicheiro', '2019-09-12', '2021-04-26'),
(9, 'Almeida', 'Operações', 'Técnico de gravação audiovisual', '2014-12-02', '2018-11-15'),
(10, 'Brito', 'Qualidade', 'Trabalhador não qualificado da construção de edifícios', '2019-09-20', '2024-08-29'),
(10, 'Ferreira', 'Administrativo', 'Alfaiate e costureiro', '2016-01-23', '2019-04-04'),
(13, 'Anjos e Filhos', 'Financeiro', 'Operador de instalações para o fabrico de pasta de papel e de papel', '2022-03-05', '2024-11-05'),
(14, 'Garcia', 'Engenharia', 'Mecânico e reparador de equipamentos eletrónicos', '2021-01-08', '2024-10-15'),
(14, 'Fonseca e Filhos', 'Operações', 'Espalhador de betuminosos', '2018-02-10', '2020-06-06'),
(15, 'Reis Lourenço e Filhos', 'Tecnologia da Informação', 'Diretor de produção animal', '2020-06-14', '2025-05-01'),
(18, 'Baptista', 'Operações', 'Escrivão', '2020-03-16', '2024-06-03'),
(19, 'Macedo', 'Marketing', 'Colocador de anúncios', '2020-10-23', '2025-06-21'),
(19, 'Nascimento', 'Produto', 'Intérprete e outros linguistas', '2017-07-19', '2020-03-09'),
(19, 'Ribeiro', 'Logística', 'Operador de máquinas agrícolas e florestais, móveis', '2013-12-21', '2017-02-05'),
(20, 'Correia', 'Financeiro', 'Trabalhador não qualificado das minas', '2023-04-06', '2025-03-05'),
(20, 'Lopes S/A', 'Suporte ao Cliente', 'Secretário da área da medicina', '2019-03-03', '2022-09-27'),
(20, 'Simões Simões Lda.', 'Vendas', 'Secretário da área da medicina', '2017-01-28', '2018-05-26'),
(23, 'Simões', 'Qualidade', 'Embalador manual da indústria transformadora', '2023-03-22', '2024-11-16'),
(23, 'Fonseca', 'Administrativo', 'Consultor de atividades das pescas', '2019-08-18', '2022-03-28'),
(24, 'Nogueira', 'Recursos Humanos', 'Artesão de artigos em madeira', '2021-06-14', '2024-12-07'),
(24, 'Martins S.A.', 'Administrativo', 'Trabalhador não qualificado da construção de edifícios', '2018-03-23', '2020-12-24'),
(24, 'Amorim Lda.', 'Logística', 'Manicura, pedicura e calista', '2015-05-25', '2017-08-03'),
(25, 'Ferreira Costa Lda.', 'Tecnologia da Informação', 'Engenheiro eletrotécnico', '2019-08-10', '2023-11-29'),
(25, 'Torres', 'Financeiro', 'Técnico de radioterapia', '2016-11-29', '2018-10-26'),
(25, 'Santos Lda.', 'Logística', 'Trabalhador não qualificado da floresta', '2013-03-27', '2016-07-19'),
(26, 'Cunha', 'Vendas', 'Diretor de compras', '2022-08-02', '2023-12-16'),
(27, 'Alves Gonçalves Lda.', 'Recursos Humanos', 'Diretor das indústrias extrativas', '2022-06-29', '2024-06-06'),
(27, 'Ribeiro S.A.', 'Administrativo', 'Tradutor', '2017-11-15', '2022-04-15'),
(28, 'Simões', 'Vendas', 'Empregado de lavabos', '2022-08-02', '2024-01-13'),
(28, 'Costa', 'Suporte ao Cliente', 'Salsicheiro', '2020-05-22', '2021-09-29'),
(29, 'Lopes Soares Lda.', 'Marketing', 'Trabalhador não qualificado da floresta', '2021-11-07', '2023-12-10'),
(30, 'Cunha Santos e Filhos', 'Recursos Humanos', 'Jogador profissional de futebol', '2022-04-20', '2024-05-07'),
(30, 'Faria Fernandes S.A.', 'Vendas', 'Filósofo', '2018-10-13', '2022-03-12'),
(31, 'Costa S.A.', 'Tecnologia da Informação', 'Fotógrafo', '2020-04-10', '2024-11-02'),
(33, 'Soares Lda.', 'Financeiro', 'Carpinteiro de limpos e de tosco', '2022-03-11', '2023-12-03'),
(34, 'Paiva', 'Administrativo', 'Diretor dos serviços de apoio social', '2024-01-04', '2025-07-04'),
(34, 'Pacheco S/A', 'Marketing', 'Técnico das ciências da vida (excetos ciências médicas)', '2020-04-20', '2023-10-22'),
(35, 'Carvalho Lda.', 'Recursos Humanos', 'Agricultor e trabalhador qualificado de cereais e outras culturas extensivas', '2020-07-24', '2024-03-16'),
(36, 'Tavares', 'Qualidade', 'Montador de andaimes', '2021-12-05', '2024-03-14'),
(36, 'Miranda Moreira Lda.', 'Logística', 'Músico', '2018-08-27', '2021-03-20'),
(38, 'Teixeira', 'Vendas', 'Produtor e trabalhador qualificado na produção de ovinos e caprinos', '2022-04-06', '2025-03-21'),
(38, 'Figueiredo', 'Vendas', 'Carteiro', '2019-02-13', '2022-01-24'),
(40, 'Pinheiro Teixeira Lda.', 'Produto', 'Operador de máquinas para fabrico de produtos de arame', '2021-09-25', '2024-01-02'),
(40, 'Gonçalves S/A', 'Engenharia', 'Operador de instalações e máquinas para moagem de substâncias químicas', '2018-06-11', '2021-04-10'),
(40, 'Garcia', 'Tecnologia da Informação', 'Embalsamador', '2014-05-04', '2018-02-24'),
(41, 'Morais Leal e Filhos', 'Logística', 'Forjador e ferreiro', '2020-04-15', '2024-11-25'),
(41, 'Tavares Vaz S.A.', 'Marketing', 'Técnico de cardiopneumografia', '2015-04-01', '2019-07-17'),
(43, 'Teixeira', 'Operações', 'Salineiro', '2020-10-20', '2025-06-22'),
(44, 'Mendes', 'Recursos Humanos', 'Motorista de veículos pesados de mercadorias', '2019-05-18', '2024-01-24'),
(46, 'Alves Correia S.A.', 'Administrativo', 'Diretores de investigação e desenvolvimento', '2021-07-05', '2023-11-29'),
(47, 'Almeida S.A.', 'Financeiro', 'Operador de máquinas para o fabrico de produtos de borracha', '2020-07-26', '2024-06-06'),
(47, 'Campos Tavares S/A', 'Produto', 'Canteiro', '2015-08-12', '2019-09-13'),
(49, 'Leite', 'Engenharia', 'Topógrafo', '2020-09-30', '2024-09-05'),
(50, 'Fonseca Oliveira S.A.', 'Logística', 'Lavadeiro e engomador de roupa', '2021-03-11', '2024-07-22'),
(50, 'Ramos Sá e Filhos', 'Suporte ao Cliente', 'Mecânico e reparador de equipamentos eletrónicos', '2016-08-27', '2020-04-08'),
(50, 'Soares Lda.', 'Produto', 'Motosserrista', '2011-04-08', '2015-10-23');

-- Dados para Candidatos
INSERT INTO Candidatos (ID_cand, Nome, Email, Telemovel, CV, Carta_motivação) VALUES
(1, 'Gaspar Rocha', 'teresalourenco@example.org', '926 970 358', NULL, NULL),
(2, 'Irina Melo-Leite', 'juliamonteiro@example.com', '(351) 253227327', NULL, NULL),
(3, 'Kyara-Constança Coelho', 'lara10@example.com', '(351) 921756708', NULL, NULL),
(4, 'Catarina Simões', 'anitamatias@example.org', '(351) 921 941 426', NULL, NULL),
(5, 'Laura Domingues', 'xmarques@example.net', '(351) 939 640 695', NULL, NULL),
(6, 'Nair Rocha', 'ramosafonso@example.net', '(351) 259 989 143', NULL, NULL),
(7, 'Íris Nunes', 'salvador13@example.com', '910955659', NULL, NULL),
(8, 'William Macedo', 'joel67@example.org', '+351924022816', NULL, NULL),
(9, 'Gonçalo Pereira', 'enzooliveira@example.org', '(351) 911 487 059', NULL, NULL),
(10, 'Catarina Paiva', 'moraisbryan@example.net', '(351) 939571523', NULL, NULL),
(11, 'Igor Torres-Leite', 'lourencovicente@example.com', '(351) 966518671', NULL, NULL),
(12, 'Jaime Lopes-Baptista', 'soaresyasmin@example.com', '(351) 916153426', NULL, NULL),
(13, 'Tatiana Sá', 'figueiredopatricia@example.com', '(351) 915584491', NULL, NULL),
(14, 'Victória Esteves', 'afonso12@example.com', '(351) 911928969', NULL, NULL),
(15, 'Clara Mendes', 'andrecarneiro@example.com', '(351) 925 184 088', NULL, NULL),
(16, 'Jaime Fernandes', 'goncalopinto@example.net', '(351) 914440042', NULL, NULL),
(17, 'Marcos Assunção-Loureiro', 'lauradomingues@example.org', '925 992 875', NULL, NULL),
(18, 'Fábio Martins', 'aribeiro@example.com', '922 035 982', NULL, NULL),
(19, 'Júlia Sousa', 'marquesrui@example.com', '(351) 921 176 480', NULL, NULL),
(20, 'Ricardo Nunes', 'henrique59@example.com', '966 335 615', NULL, NULL),
(21, 'Nelson Carneiro', 'flourenco@example.net', '274 206 292', NULL, NULL),
(22, 'Afonso Soares-Melo', 'tleal@example.net', '(351) 241431110', NULL, NULL),
(23, 'Eduardo Pinto', 'kellycunha@example.com', '285 213 086', NULL, NULL),
(24, 'Isabela-Larissa Batista', 'rleite@example.net', '+351965815688', NULL, NULL),
(25, 'Bryan de Fonseca', 'lauraandrade@example.com', '917 722 564', NULL, NULL),
(26, 'Margarida Moura-Abreu', 'figueiredojoao@example.org', '+351916798137', NULL, NULL),
(27, 'Noa Vaz', 'qlopes@example.com', '915017100', NULL, NULL),
(28, 'Rúben Macedo', 'naiara24@example.com', '(351) 224 496 294', NULL, NULL),
(29, 'Luana Maia', 'ruben39@example.org', '+351923399992', NULL, NULL),
(30, 'Tatiana Morais', 'cardososergio@example.com', '(351) 250 534 985', NULL, NULL),
(31, 'Alexandre Mota', 'freitaslourenco@example.net', '+351283335484', NULL, NULL),
(32, 'Luciana-Melissa Tavares', 'martimfonseca@example.net', '(351) 965881279', NULL, NULL),
(33, 'Lisandro Mota', 'madalenabranco@example.org', '930000287', NULL, NULL),
(34, 'Diogo Teixeira', 'arturamorim@example.com', '(351) 967366447', NULL, NULL),
(35, 'Vasco Ferreira', 'mendesleandro@example.org', '(351) 968 387 253', NULL, NULL),
(36, 'William Lopes', 'vteixeira@example.com', '(351) 933 655 655', NULL, NULL),
(37, 'Maria Barros', 'igorabreu@example.net', '(351) 927 750 198', NULL, NULL),
(38, 'Mélanie Pacheco', 'tatiana31@example.org', '(351) 919455581', NULL, NULL),
(39, 'Kyara Macedo', 'ubranco@example.net', '(351) 938572492', NULL, NULL),
(40, 'Leandro Cardoso-Correia', 'wfonseca@example.org', '(351) 918748954', NULL, NULL);

-- Dados para Vagas
INSERT INTO Vagas (ID_vaga, Data_abertura, Estado, ID_depart) VALUES
(1, '2025-05-07', 'Fechada', 8),
(2, '2024-08-23', 'Aberta', 3),
(3, '2025-07-30', 'Suspensa', 4),
(4, '2024-11-02', 'Fechada', 3),
(5, '2025-03-27', 'Fechada', 4),
(6, '2024-08-16', 'Fechada', 4),
(7, '2024-02-10', 'Fechada', 4),
(8, '2023-12-30', 'Fechada', 2),
(9, '2024-10-21', 'Fechada', 4),
(10, '2025-06-24', 'Aberta', 1);

-- Dados para Candidato_a
INSERT INTO Candidato_a (ID_cand, ID_Vaga, Data_cand, Estado, ID_recrutador) VALUES
(1, 3, '2025-07-30', 'Contratado', 28),
(1, 1, '2025-05-25', 'Em análise', 28),
(1, 6, '2025-02-05', 'Contratado', 6),
(2, 9, '2025-03-20', 'Rejeitado', 8),
(4, 6, '2025-03-02', 'Submetido', 12),
(4, 5, '2025-07-09', 'Em análise', 4),
(7, 1, '2025-09-23', 'Rejeitado', 8),
(7, 3, '2025-08-04', 'Rejeitado', 8),
(11, 7, '2025-01-27', 'Rejeitado', 39),
(11, 1, '2025-05-15', 'Rejeitado', 12),
(16, 3, '2025-10-02', 'Rejeitado', 28),
(16, 8, '2025-01-26', 'Submetido', 28),
(17, 10, '2025-10-30', 'Rejeitado', 39),
(17, 5, '2025-06-05', 'Entrevista', 4),
(17, 8, '2025-08-09', 'Rejeitado', 39),
(19, 1, '2025-09-22', 'Rejeitado', 8),
(19, 4, '2025-04-14', 'Rejeitado', 4),
(21, 7, '2025-05-14', 'Em análise', 4),
(21, 1, '2025-07-16', 'Rejeitado', 6),
(22, 3, '2025-10-19', 'Submetido', 8),
(22, 5, '2025-10-15', 'Rejeitado', 6),
(23, 5, '2025-09-26', 'Em análise', 4),
(23, 7, '2024-05-12', 'Contratado', 28),
(23, 3, '2025-09-03', 'Rejeitado', 39),
(24, 5, '2025-09-04', 'Em análise', 6),
(24, 3, '2025-08-02', 'Rejeitado', 39),
(24, 9, '2025-06-27', 'Entrevista', 8),
(25, 10, '2025-09-09', 'Entrevista', 12),
(25, 1, '2025-09-03', 'Em análise', 6),
(25, 4, '2025-05-19', 'Rejeitado', 28),
(28, 5, '2025-09-05', 'Contratado', 28),
(28, 10, '2025-09-19', 'Rejeitado', 39),
(29, 8, '2025-02-20', 'Em análise', 28),
(29, 7, '2025-05-01', 'Rejeitado', 28),
(29, 10, '2025-10-02', 'Rejeitado', 6),
(30, 6, '2024-12-11', 'Rejeitado', 6),
(30, 1, '2025-05-09', 'Contratado', 8),
(30, 8, '2024-12-26', 'Submetido', 4),
(32, 6, '2025-03-13', 'Submetido', 12),
(33, 7, '2024-03-29', 'Rejeitado', 4),
(33, 4, '2025-05-14', 'Rejeitado', 12),
(33, 8, '2024-02-04', 'Contratado', 4),
(34, 3, '2025-09-05', 'Rejeitado', 8),
(34, 7, '2025-03-16', 'Rejeitado', 4),
(34, 2, '2025-05-18', 'Em análise', 4),
(36, 3, '2025-09-15', 'Rejeitado', 6),
(36, 5, '2025-10-20', 'Em análise', 12),
(36, 8, '2024-01-20', 'Entrevista', 28),
(37, 4, '2024-12-08', 'Submetido', 6),
(37, 8, '2024-02-22', 'Em análise', 6),
(38, 3, '2025-10-15', 'Submetido', 28),
(39, 8, '2024-03-05', 'Contratado', 39),
(40, 7, '2024-05-03', 'Rejeitado', 12);

-- Dados para Requisitos_vaga
INSERT INTO Requisitos_vaga (ID_vaga, Requisito) VALUES
(1, 'SQL'),
(1, 'Comunicação'),
(2, 'Liderança'),
(2, 'Marketing Digital'),
(2, 'Gestão de Projetos'),
(2, 'Contabilidade'),
(3, 'SQL'),
(3, 'Marketing Digital'),
(3, 'React'),
(3, 'Liderança'),
(3, 'Análise de Dados'),
(4, 'Excel Avançado'),
(4, 'Análise de Dados'),
(4, 'Java'),
(4, 'Trabalho em Equipa'),
(4, 'Atendimento ao Cliente'),
(5, 'Inglês Fluente'),
(5, 'Marketing Digital'),
(5, 'Liderança'),
(6, 'Trabalho em Equipa'),
(6, 'Marketing Digital'),
(6, 'Java'),
(7, 'Trabalho em Equipa'),
(7, 'Gestão de Projetos'),
(7, 'Java'),
(7, 'Análise de Dados'),
(8, 'React'),
(8, 'Gestão de Projetos'),
(8, 'Comunicação'),
(8, 'SQL'),
(8, 'Python'),
(9, 'Marketing Digital'),
(9, 'Análise de Dados'),
(9, 'Trabalho em Equipa'),
(9, 'Inglês Fluente'),
(10, 'SQL'),
(10, 'React'),
(10, 'Java'),
(10, 'Marketing Digital'),
(10, 'Atendimento ao Cliente');

-- Dados para Formacoes
INSERT INTO Formacoes (ID_for, Nome_formacao, Descricao, Data_inicio, Data_fim, Estado) VALUES
(1, 'Liderança e Gestão de Equipas', 'Desenvolver competências de liderança, motivação e gestão de conflitos para chefes de equipa.', '2023-10-05', '2023-10-10', 'Concluida'),
(2, 'Cibersegurança para Colaboradores', 'Sensibilizar para as melhores práticas de segurança digital, phishing e proteção de dados.', '2024-03-15', '2024-03-16', 'Concluida'),
(3, 'Análise de Dados com Python', 'Introdução à análise de dados utilizando as bibliotecas Pandas e Matplotlib.', '2024-09-02', '2024-09-13', 'Em curso'),
(4, 'Técnicas de Negociação e Vendas', 'Aperfeiçoar técnicas de comunicação, persuasão e fecho de negócios para a equipa comercial.', '2025-02-10', '2025-02-14', 'Planeada'),
(5, 'Inteligência Emocional no Trabalho', 'Gerir emoções, melhorar o autoconhecimento e a empatia nas relações interpessoais no trabalho.', '2025-05-19', '2025-05-20', 'Planeada');

-- Dados para Teve_Formacao
INSERT INTO Teve_Formacao (ID_Fun, ID_for, Certificado, Data_inicio, Data_fim) VALUES
(2, 5, NULL, '2025-05-19', '2025-05-20'),
(2, 1, NULL, '2023-10-05', '2023-10-10'),
(3, 4, NULL, '2025-02-10', '2025-02-14'),
(3, 1, NULL, '2023-10-05', '2023-10-10'),
(4, 2, NULL, '2024-03-15', '2024-03-16'),
(4, 3, NULL, '2024-09-02', '2024-09-13'),
(5, 4, NULL, '2025-02-10', '2025-02-14'),
(6, 2, NULL, '2024-03-15', '2024-03-16'),
(8, 1, NULL, '2023-10-05', '2023-10-10'),
(9, 4, NULL, '2025-02-10', '2025-02-14'),
(9, 1, NULL, '2023-10-05', '2023-10-10'),
(13, 1, NULL, '2023-10-05', '2023-10-10'),
(14, 5, NULL, '2025-05-19', '2025-05-20'),
(16, 3, NULL, '2024-09-02', '2024-09-13'),
(17, 2, NULL, '2024-03-15', '2024-03-16'),
(17, 5, NULL, '2025-05-19', '2025-05-20'),
(18, 2, NULL, '2024-03-15', '2024-03-16'),
(18, 4, NULL, '2025-02-10', '2025-02-14'),
(19, 2, NULL, '2024-03-15', '2024-03-16'),
(21, 1, NULL, '2023-10-05', '2023-10-10'),
(22, 3, NULL, '2024-09-02', '2024-09-13'),
(22, 5, NULL, '2025-05-19', '2025-05-20'),
(24, 1, NULL, '2023-10-05', '2023-10-10'),
(24, 3, NULL, '2024-09-02', '2024-09-13'),
(26, 1, NULL, '2023-10-05', '2023-10-10'),
(27, 5, NULL, '2025-05-19', '2025-05-20'),
(27, 1, NULL, '2023-10-05', '2023-10-10'),
(28, 5, NULL, '2025-05-19', '2025-05-20'),
(28, 1, NULL, '2023-10-05', '2023-10-10'),
(30, 2, NULL, '2024-03-15', '2024-03-16'),
(32, 1, NULL, '2023-10-05', '2023-10-10'),
(33, 5, NULL, '2025-05-19', '2025-05-20'),
(33, 2, NULL, '2024-03-15', '2024-03-16'),
(34, 1, NULL, '2023-10-05', '2023-10-10'),
(35, 2, NULL, '2024-03-15', '2024-03-16'),
(36, 1, NULL, '2023-10-05', '2023-10-10'),
(38, 5, NULL, '2025-05-19', '2025-05-20'),
(38, 1, NULL, '2023-10-05', '2023-10-10'),
(40, 2, NULL, '2024-03-15', '2024-03-16'),
(45, 2, NULL, '2024-03-15', '2024-03-16'),
(46, 1, NULL, '2023-10-05', '2023-10-10'),
(46, 5, NULL, '2025-05-19', '2025-05-20'),
(47, 4, NULL, '2025-02-10', '2025-02-14'),
(47, 1, NULL, '2023-10-05', '2023-10-10'),
(49, 4, NULL, '2025-02-10', '2025-02-14'),
(49, 3, NULL, '2024-09-02', '2024-09-13');

-- Dados para Avaliacoes
INSERT INTO Avaliacoes (ID_Fun, ID_avaliador, Data, Avaliacao, Criterios, Autoavaliacao) VALUES
(12, 42, '2023-02-06', NULL, 'Desempenho nos projetos de equipa e capacidade de colaboração.', 'Completei a formação X e sinto-me mais confiante nas minhas tarefas.'),
(16, 24, '2023-01-07', NULL, 'Qualidade técnica do trabalho entregue e atenção ao detalhe.', 'Preciso de focar-me em ser mais conciso nas reuniões de equipa.'),
(13, 28, '2024-04-19', NULL, 'Desempenho nos projetos de equipa e capacidade de colaboração.', 'Completei a formação X e sinto-me mais confiante nas minhas tarefas.'),
(13, 18, '2023-05-15', NULL, 'Qualidade da comunicação com o cliente e stakeholders internos.', 'Sinto que atingi todos os meus objetivos principais este semestre.'),
(39, 20, '2022-12-29', NULL, 'Iniciativa e proatividade na sugestão de novas melhorias.', 'Gostaria de ter mais formação na área de análise de dados para contribuir melhor.'),
(9, 20, '2023-10-06', NULL, 'Qualidade da comunicação com o cliente e stakeholders internos.', 'Tive alguma dificuldade em gerir o projeto Y, mas aprendi muito com o processo.'),
(40, 44, '2025-06-11', NULL, 'Avaliação da pontualidade e assiduidade no último semestre.', 'Preciso de focar-me em ser mais conciso nas reuniões de equipa.'),
(29, 5, '2023-05-05', NULL, 'Avaliação da pontualidade e assiduidade no último semestre.', 'Tive alguma dificuldade em gerir o projeto Y, mas aprendi muito com o processo.'),
(6, 25, '2023-11-02', NULL, 'Qualidade da comunicação com o cliente e stakeholders internos.', NULL),
(9, 33, '2023-05-28', NULL, 'Avaliação da pontualidade e assiduidade no último semestre.', NULL),
(20, 17, '2025-04-28', NULL, 'Desempenho nos projetos de equipa e capacidade de colaboração.', 'Preciso de focar-me em ser mais conciso nas reuniões de equipa.'),
(6, 35, '2023-04-20', NULL, 'Capacidade de resolução de problemas e tomada de decisão.', 'Gostaria de ter mais formação na área de análise de dados para contribuir melhor.'),
(39, 24, '2023-09-29', NULL, 'Iniciativa e proatividade na sugestão de novas melhorias.', 'Consegui melhorar a minha organização e gestão de tempo, como foi discutido.'),
(11, 22, '2022-12-06', NULL, 'Qualidade da comunicação com o cliente e stakeholders internos.', 'Sinto que atingi todos os meus objetivos principais este semestre.'),
(36, 17, '2024-07-26', NULL, 'Qualidade técnica do trabalho entregue e atenção ao detalhe.', 'Completei a formação X e sinto-me mais confiante nas minhas tarefas.'),
(18, 32, '2024-10-27', NULL, 'Desempenho nos projetos de equipa e capacidade de colaboração.', 'Tive alguma dificuldade em gerir o projeto Y, mas aprendi muito com o processo.'),
(37, 43, '2023-04-16', NULL, 'Qualidade técnica do trabalho entregue e atenção ao detalhe.', 'Completei a formação X e sinto-me mais confiante nas minhas tarefas.'),
(22, 30, '2023-08-01', NULL, 'Gestão de tempo, cumprimento de prazos e organização.', 'Completei a formação X e sinto-me mais confiante nas minhas tarefas.'),
(8, 36, '2025-01-06', NULL, 'Avaliação da pontualidade e assiduidade no último semestre.', 'Tive alguma dificuldade em gerir o projeto Y, mas aprendi muito com o processo.'),
(37, 46, '2023-10-03', NULL, 'Iniciativa e proatividade na sugestão de novas melhorias.', 'Gostaria de ter mais formação na área de análise de dados para contribuir melhor.'),
(13, 2, '2024-11-13', NULL, 'Capacidade de resolução de problemas e tomada de decisão.', 'Completei a formação X e sinto-me mais confiante nas minhas tarefas.'),
(31, 16, '2023-10-23', NULL, 'Iniciativa e proatividade na sugestão de novas melhorias.', 'Preciso de focar-me em ser mais conciso nas reuniões de equipa.'),
(13, 14, '2023-12-23', NULL, 'Desempenho nos projetos de equipa e capacidade de colaboração.', 'Gostaria de ter mais formação na área de análise de dados para contribuir melhor.'),
(41, 38, '2024-03-09', NULL, 'Desempenho nos projetos de equipa e capacidade de colaboração.', NULL),
(4, 14, '2023-06-28', NULL, 'Avaliação da pontualidade e assiduidade no último semestre.', NULL),
(3, 15, '2025-08-23', NULL, 'Qualidade da comunicação com o cliente e stakeholders internos.', 'Tive alguma dificuldade em gerir o projeto Y, mas aprendi muito com o processo.'),
(32, 11, '2025-06-21', NULL, 'Desempenho nos projetos de equipa e capacidade de colaboração.', NULL),
(47, 46, '2024-08-16', NULL, 'Qualidade técnica do trabalho entregue e atenção ao detalhe.', 'Consegui melhorar a minha organização e gestão de tempo, como foi discutido.'),
(34, 8, '2024-05-20', NULL, 'Avaliação da pontualidade e assiduidade no último semestre.', 'Completei a formação X e sinto-me mais confiante nas minhas tarefas.'),
(17, 47, '2025-10-13', NULL, 'Capacidade de resolução de problemas e tomada de decisão.', 'Consegui melhorar a minha organização e gestão de tempo, como foi discutido.'),
(6, 1, '2024-06-28', NULL, 'Avaliação da pontualidade e assiduidade no último semestre.', 'Sinto que atingi todos os meus objetivos principais este semestre.'),
(11, 2, '2024-04-04', NULL, 'Desempenho nos projetos de equipa e capacidade de colaboração.', 'Preciso de focar-me em ser mais conciso nas reuniões de equipa.'),
(31, 8, '2024-12-18', NULL, 'Qualidade da comunicação com o cliente e stakeholders internos.', 'Consegui melhorar a minha organização e gestão de tempo, como foi discutido.'),
(1, 41, '2024-07-05', NULL, 'Iniciativa e proatividade na sugestão de novas melhorias.', 'Completei a formação X e sinto-me mais confiante nas minhas tarefas.'),
(8, 26, '2024-01-19', NULL, 'Avaliação da pontualidade e assiduidade no último semestre.', NULL),
(48, 43, '2025-07-22', NULL, 'Avaliação da pontualidade e assiduidade no último semestre.', 'Completei a formação X e sinto-me mais confiante nas minhas tarefas.'),
(22, 47, '2023-04-13', NULL, 'Qualidade da comunicação com o cliente e stakeholders internos.', 'Tive alguma dificuldade em gerir o projeto Y, mas aprendi muito com o processo.'),
(17, 46, '2024-11-29', NULL, 'Qualidade da comunicação com o cliente e stakeholders internos.', 'Consegui melhorar a minha organização e gestão de tempo, como foi discutido.'),
(42, 26, '2024-12-22', NULL, 'Gestão de tempo, cumprimento de prazos e organização.', 'Tive alguma dificuldade em gerir o projeto Y, mas aprendi muito com o processo.'),
(29, 25, '2023-03-13', NULL, 'Iniciativa e proatividade na sugestão de novas melhorias.', NULL);

-- Dados para Utilizadores
INSERT INTO Utilizadores (ID_Fun, Password) VALUES
(1, '2NEXryH2oBM4'),
(2, 'teXbX2Wz363p'),
(3, 'a1Jxya914lPH'),
(4, 'EqN54eFru8de'),
(5, 'kWnlzdwE8wD7'),
(6, 'L1UGsyJiGYGz'),
(7, 'UT6teyU02hCb'),
(8, '2r3TAcTkFHTb'),
(9, 'gS1lMtIpEW2G'),
(10, 'nz2CpiAfxyMy'),
(11, '7NoWPhPbHyMA'),
(12, '7AHpFWrHIYn4'),
(13, 'qRCLERpQWM4B'),
(14, '1Fsgo86qOufI'),
(15, 'U6DoVWE0ar5X'),
(16, 'BWG5Z1mMd1Y9'),
(17, '1Z79DaNjkACk'),
(18, '6WKJplugKKxM'),
(19, '4DPeNdf5FtA9'),
(20, 'DS80h2nm27vB'),
(21, 'ZV1ArgBzqOmf'),
(22, 'nuEKqzqL66sm'),
(23, 'LQmM9Qsk9V2x'),
(24, 'IOh2wtbff75T'),
(25, '2vnenMsOp3EG'),
(26, 's189AO6yvrIg'),
(27, '2Wir7GWyvgPl'),
(28, 'K9zzgcphX9vJ'),
(29, 'OH3K4tluck58'),
(30, 'FJFbIx2Hl936'),
(31, 'Ou4mf6CtA5GA'),
(32, 'o51UtGRMkyl0'),
(33, '6TBSXrhdl9o6'),
(34, 'OmYF1u7wPQ5A'),
(35, '5Z4HhSm13P8K'),
(36, 'R9P3aWlzJJ9O'),
(37, 'R7yeSRQbMhod'),
(38, '8ovEHIlM1Cnw'),
(39, 'k5Hiimmh6moK'),
(40, '2E4MXPsd730A'),
(41, '9Q9b3U4jMn5q'),
(42, 'GhUnXd2m3rmo'),
(43, '7a70TIEwmfQh'),
(44, 'dbExoLRrM2RV'),
(45, '8v7cOCvyIBgp'),
(46, 'M3teLOjvkPLk'),
(47, '0dE77MAw0tBw'),
(48, 'a5A0xbxzHP9A'),
(49, 'GqwQtwqt5V4y'),
(50, '91uPKLdTADpZ');

-- Dados para Permissoes
INSERT INTO Permissoes (ID_Fun, Permissao) VALUES
(1, 'Manager'),
(2, 'Funcionario'),
(2, 'Financeiro'),
(3, 'Admin'),
(3, 'RH'),
(4, 'RH'),
(5, 'RH'),
(6, 'RH'),
(7, 'Manager'),
(7, 'Funcionario'),
(7, 'Financeiro'),
(8, 'Admin'),
(9, 'Manager'),
(10, 'Admin'),
(10, 'Manager'),
(10, 'Funcionario'),
(11, 'Manager'),
(11, 'Funcionario'),
(11, 'Admin'),
(12, 'RH'),
(12, 'Manager'),
(13, 'Financeiro'),
(13, 'Manager'),
(13, 'Funcionario'),
(14, 'Manager'),
(14, 'Admin'),
(15, 'Admin'),
(15, 'Funcionario'),
(15, 'RH'),
(16, 'Funcionario'),
(16, 'Manager'),
(16, 'RH'),
(17, 'Manager'),
(18, 'Manager'),
(19, 'Manager'),
(20, 'Admin'),
(21, 'Manager'),
(22, 'Manager'),
(22, 'Financeiro'),
(22, 'Funcionario'),
(23, 'Admin'),
(23, 'RH'),
(23, 'Funcionario'),
(24, 'Funcionario'),
(24, 'Manager'),
(25, 'Funcionario'),
(25, 'Financeiro'),
(25, 'Admin'),
(26, 'Funcionario'),
(26, 'Financeiro'),
(27, 'Admin'),
(28, 'Manager'),
(28, 'Admin'),
(29, 'Funcionario'),
(29, 'RH'),
(30, 'Admin'),
(30, 'Financeiro'),
(30, 'Funcionario'),
(31, 'Admin'),
(31, 'Manager'),
(32, 'Financeiro'),
(32, 'Admin'),
(33, 'Funcionario'),
(33, 'Admin'),
(33, 'Financeiro'),
(34, 'RH'),
(34, 'Admin'),
(34, 'Funcionario'),
(35, 'Manager'),
(36, 'Funcionario'),
(36, 'Admin'),
(37, 'Financeiro'),
(37, 'RH'),
(38, 'Financeiro'),
(39, 'Admin'),
(39, 'RH'),
(39, 'Funcionario'),
(40, 'Financeiro'),
(40, 'Funcionario'),
(41, 'Admin'),
(42, 'Funcionario'),
(42, 'RH'),
(43, 'Financeiro'),
(43, 'Admin'),
(43, 'RH'),
(44, 'Financeiro'),
(44, 'Manager'),
(44, 'Funcionario'),
(45, 'Funcionario'),
(45, 'Admin'),
(45, 'Manager'),
(46, 'Financeiro'),
(47, 'Admin'),
(47, 'Funcionario'),
(48, 'Financeiro'),
(48, 'Funcionario'),
(49, 'Financeiro'),
(49, 'Manager'),
(50, 'Funcionario'),
(50, 'Financeiro'),
(50, 'RH');

COMMIT;
