SET search_path TO bd054_schema, public;

INSERT INTO Departamentos (ID_depart, Nome, ID_gerente) VALUES
(1, 'Recursos Humanos', NULL),
(2, 'Tecnologia da Informação', NULL),
(3, 'Financeiro', NULL),
(4, 'Marketing', NULL),
(5, 'Vendas', NULL),
(6, 'Qualidade', NULL),
(7, 'Atendimento ao Cliente', NULL),
(8, 'Jurídico', NULL);

-- Dados para Funcionarios
INSERT INTO Funcionarios (ID_fun, NIF, Primeiro_nome, Ultimo_nome, Nome_rua, Nome_localidade, Codigo_postal, Num_telemovel, Email, Data_nascimento, Cargo, ID_depart) VALUES
(1, '283684275', 'Marcos', 'Faria', 'Travessa de Santo Estêvão', 'Valongo', '3479-687', '(351) 966034026', 'kyara64@example.net', '2003-08-28', 'Desenvolvedor', 6),
(2, '283684276', 'Alexandre', 'Nogueira', 'Avenida Pilar Amaral', 'Vila Nova de Famalicão', '7516-291', '(351) 926437376', 'gabrielmonteiro@example.com', '1963-01-08', 'Desenvolvedor', 7),
(3, '283684277', 'Lúcia', 'Gonçalves', 'Av Luísa Fonseca', 'Loulé', '8124-717', '(351) 251506166', 'ucardoso@example.com', '1966-01-18', 'Desenvolvedor', 8),
(4, '283684278', 'Valentim', 'Neves', 'Alameda de Miranda', 'Fiães', '5505-480', '969 851 752', 'evalente@example.com', '1969-10-17', 'Coordenador', 2),
(5, '283684279', 'Gabriela', 'Sousa', 'Alameda de Martins', 'Bragança', '4141-074', '+351915731705', 'amarques@example.org', '1980-04-04', 'Analista', 2),
(6, '283684280', 'Brian', 'Miranda', 'Alameda Petra Branco', 'Barcelos', '4993-134', '(351) 935 494 758', 'claudioreis@example.net', '1989-03-16', 'Desenvolvedor', 5),
(7, '283684281', 'Fabiana', 'Nogueira', 'Travessa das Necessidades', 'Rebordosa', '1383-912', '(351) 933 250 603', 'liateixeira@example.net', '1977-05-18', 'Analista', 4),
(8, '283684282', 'Vicente', 'Freitas', 'Av Jaime Pinheiro', 'Horta', '3604-883', '961127270', 'vitoriareis@example.net', '1974-07-09', 'Analista', 4),
(9, '283684283', 'Letícia', 'Martins', 'Travessa de Ramos', 'Barreiro', '9752-973', '(351) 915 274 292', 'luis09@example.com', '1999-01-18', 'Coordenador', 7),
(10, '283684284', 'Filipa', 'Coelho', 'Largo Assunção', 'Trancoso', '9867-679', '(351) 930 618 339', 'assuncaojoana@example.net', '1993-07-01', 'Analista', 8),
(11, '283684285', 'Vitória', 'Fonseca', 'Travessa Morais', 'Oliveira de Azeméis', '1457-002', '(351) 935 350 394', 'fonsecalourenco@example.net', '1992-06-24', 'Coordenador', 1),
(12, '283684286', 'Marcos', 'Cruz', 'R. Miguel Ramos', 'Alverca do Ribatejo', '2856-041', '+351965948324', 'adrianaguerreiro@example.net', '1992-12-29', 'Desenvolvedor', 4),
(13, '283684287', 'Matias', 'Vieira', 'Largo Núria Pires', 'Tavira', '5069-243', '+351284866617', 'martim72@example.net', '1978-09-07', 'Analista', 8),
(14, '283684288', 'Nair', 'Branco', 'R. Mário Gomes', 'Vila Nova de Santo André', '3019-977', '+351913075106', 'anavalente@example.com', '1964-02-09', 'Analista', 3),
(15, '283684289', 'Raquel', 'Magalhães', 'Av das Naus', 'Ourém', '1287-428', '286873787', 'isabelavaz@example.com', '1977-07-19', 'Desenvolvedor', 2),
(16, '283684290', 'Vasco', 'Silva', 'Alameda Sá', 'Porto', '9870-814', '(351) 921 676 112', 'duarteribeiro@example.com', '1997-02-04', 'Desenvolvedor', 3),
(17, '283684291', 'Naiara', 'Lourenço', 'Avenida Andrade', 'Funchal', '7861-284', '(351) 915 143 322', 'carvalhonuno@example.net', '1974-07-22', 'Coordenador', 5),
(18, '283684292', 'Rita', 'Figueiredo', 'Alameda Gabriel Amaral', 'Freamunde', '6477-477', '(351) 911034285', 'lucasoliveira@example.com', '1984-06-07', 'Assistente', 6),
(19, '283684293', 'Gonçalo', 'Ramos', 'Largo Samuel Henriques', 'Costa da Caparica', '2273-780', '(351) 967 312 998', 'wcastro@example.com', '1962-05-30', 'Assistente', 2),
(20, '283684294', 'Victória', 'Jesus', 'Av Alves', 'Fafe', '5712-841', '(351) 935250435', 'joao85@example.org', '1973-02-24', 'Desenvolvedor', 8),
(21, '283684295', 'Letícia', 'Alves', 'Rua dos Olivais', 'Ponte de Sor', '7926-172', '(351) 920 155 713', 'loureirocarolina@example.net', '1959-12-26', 'Assistente', 4),
(22, '283684296', 'Teresa', 'Soares', 'Praça Leite', 'Porto', '0372-132', '(351) 258 725 199', 'bandrade@example.net', '1964-06-13', 'Coordenador', 5),
(23, '283684297', 'Frederico', 'Leite', 'Largo Correia', 'Ílhavo', '4008-632', '(351) 926337951', 'caetanaabreu@example.org', '1976-07-17', 'Analista', 1),
(24, '283684298', 'Jaime', 'Magalhães', 'Largo Velho do Outeiro', 'Mêda', '5208-319', '(351) 969 713 123', 'fantunes@example.net', '1976-01-31', 'Analista', 2),
(25, '283684299', 'Caetana', 'Machado', 'Largo de Assunção', 'Paços de Ferreira', '5153-827', '(351) 294 104 595', 'renatafaria@example.net', '2001-11-27', 'Assistente', 1),
(26, '283684300', 'Fábio', 'Rodrigues', 'Avenida Beatriz Nunes', 'Amarante', '5291-187', '(351) 928480288', 'filipe97@example.com', '1989-07-05', 'Assistente', 8),
(27, '283684301', 'Juliana', 'Oliveira', 'Alameda Nunes', 'Reguengos de Monsaraz', '2395-438', '+351932059591', 'soaresdebora@example.org', '1963-12-04', 'Analista', 5),
(28, '283684302', 'Ângelo', 'Maia', 'Avenida das Antas', 'Guarda', '8654-772', '916395555', 'paivagaspar@example.net', '1977-05-28', 'Assistente', 7),
(29, '283684303', 'Leonor', 'Rocha', 'Travessa de Leite', 'Espinho', '7017-910', '(351) 274 332 723', 'victoriamota@example.org', '2005-05-07', 'Desenvolvedor', 7),
(30, '283684304', 'Catarina', 'Esteves', 'Largo Jesus', 'Ermesinde', '2017-339', '(351) 930441012', 'jessica85@example.net', '2005-10-19', 'Assistente', 1),
(31, '283684305', 'Marcos', 'Pinheiro', 'R. da Banda de Ramalde', 'Freamunde', '8496-049', '(351) 921 471 596', 'yasmin41@example.net', '1967-04-23', 'Coordenador', 6),
(32, '283684306', 'Lorena', 'Fonseca', 'Av Sophia de Mello Breyner Andresen', 'Beja', '3567-055', '930718508', 'miacunha@example.com', '1966-03-25', 'Coordenador', 1),
(33, '283684307', 'Carminho', 'Pereira', 'Alameda Bruno Teixeira', 'Rio Maior', '2869-800', '(351) 926772712', 'violetacarneiro@example.org', '1966-09-28', 'Coordenador', 5),
(34, '283684308', 'Mário', 'Assunção', 'Av Mendes', 'Vila Franca de Xira', '5386-156', '(351) 933 071 678', 'psa@example.net', '1965-11-25', 'Coordenador', 2),
(35, '283684309', 'Leonardo', 'Almeida', 'Travessa do Viso', 'Valongo', '7836-162', '+351207789019', 'yarasimoes@example.org', '1991-02-20', 'Coordenador', 5),
(36, '283684310', 'Vera', 'Magalhães', 'R. Velho do Outeiro', 'Santa Comba Dão', '7316-990', '(351) 274702742', 'bpinheiro@example.com', '1975-05-31', 'Analista', 7),
(37, '283684311', 'Beatriz', 'Cruz', 'Av Sebastião Santos', 'Alverca do Ribatejo', '5204-624', '(351) 922 736 608', 'lia91@example.com', '1963-03-29', 'Coordenador', 2),
(38, '283684312', 'Mafalda', 'Nunes', 'Avenida Bárbara Figueiredo', 'Pinhel', '9102-270', '965178266', 'gilfaria@example.org', '1971-01-16', 'Analista', 8),
(39, '283684313', 'Marcos', 'Amorim', 'Praça Pereira', 'Ermesinde', '0115-262', '(351) 969 781 040', 'ericamonteiro@example.com', '1980-08-05', 'Analista', 1),
(40, '283684314', 'Luís', 'Lourenço', 'R. de Pinheiro', 'Ovar', '9345-734', '922483304', 'luisabarbosa@example.com', '1973-02-08', 'Analista', 6),
(41, '283684315', 'Iara', 'Azevedo', 'Av Teixeira', 'Ílhavo', '4765-307', '(351) 927121961', 'gustavo06@example.net', '1971-08-07', 'Analista', 6),
(42, '283684316', 'Benedita', 'Alves', 'Praça Rita Esteves', 'Miranda do Douro', '6300-600', '(351) 967 721 605', 'dbranco@example.org', '1967-02-15', 'Desenvolvedor', 4),
(43, '283684317', 'Noah', 'Lima', 'R. Caetana Pacheco', 'Valbom', '9386-255', '(351) 204 843 222', 'nascimentobeatriz@example.net', '1983-02-06', 'Analista', 1),
(44, '283684318', 'Alexandre', 'Nogueira', 'R. de Pinheiro', 'Santo Tirso', '3316-277', '(351) 926102255', 'kyaramagalhaes@example.com', '1969-09-15', 'Assistente', 8),
(45, '283684319', 'Sérgio', 'Fonseca', 'Alameda de Grijó', 'Póvoa de Santa Iria', '2609-826', '+351299586092', 'andre97@example.com', '1982-04-28', 'Desenvolvedor', 3),
(46, '283684320', 'Marta', 'Vicente', 'Av de Fernandes', 'Figueira da Foz', '9082-500', '225187416', 'carvalhoamelia@example.com', '2002-01-06', 'Desenvolvedor', 7),
(47, '283684321', 'Laura', 'Matos', 'Rua Miguel Gomes', 'Fátima', '1516-957', '(351) 918 304 063', 'costarenato@example.net', '1964-12-26', 'Assistente', 8),
(48, '283684322', 'Fernando', 'Leite', 'Avenida de Mota', 'Oliveira de Azeméis', '1437-259', '(351) 282897880', 'beatriz52@example.net', '2002-01-09', 'Assistente', 2),
(49, '283684323', 'Inês', 'Rocha', 'Praça Melissa Vieira', 'Loures', '9560-734', '(351) 914385570', 'flor83@example.com', '1982-07-07', 'Analista', 8),
(50, '283684324', 'Edgar', 'Torres', 'Alameda de Pires', 'Mangualde', '6828-570', '936 649 434', 'noah93@example.com', '2001-01-13', 'Assistente', 2);

-- 3. Atualização dos Gerentes nos Departamentos
UPDATE Departamentos SET ID_gerente = 12 WHERE ID_depart = 1;
UPDATE Departamentos SET ID_gerente = 25 WHERE ID_depart = 2;
UPDATE Departamentos SET ID_gerente = 17 WHERE ID_depart = 3;
UPDATE Departamentos SET ID_gerente = 49 WHERE ID_depart = 4;
UPDATE Departamentos SET ID_gerente = 15 WHERE ID_depart = 5;
UPDATE Departamentos SET ID_gerente = 16 WHERE ID_depart = 6;
UPDATE Departamentos SET ID_gerente = 45 WHERE ID_depart = 7;
UPDATE Departamentos SET ID_gerente = 32 WHERE ID_depart = 8;

-- 4. Inserção das restantes tabelas

-- Dados para Remuneracoes
INSERT INTO Remuneracoes (ID_fun, Data_inicio, Data_fim) VALUES
(1, '2020-12-27', '2022-01-08'),
(2, '2022-02-13', '2023-08-08'),
(3, '2025-09-01', NULL),
(4, '2022-02-12', '2025-05-31'),
(5, '2021-02-18', NULL),
(6, '2020-11-25', '2022-09-21'),
(7, '2022-07-16', NULL),
(8, '2024-02-14', NULL),
(9, '2022-02-17', NULL),
(10, '2024-12-25', '2027-07-05'),
(11, '2022-06-14', NULL),
(12, '2025-10-29', '2026-03-12'),
(13, '2024-07-28', NULL),
(14, '2023-09-01', '2026-01-01'),
(15, '2025-02-10', NULL),
(16, '2021-12-23', '2025-08-05'),
(17, '2025-08-29', NULL),
(18, '2021-07-11', NULL),
(19, '2022-10-19', NULL),
(20, '2021-11-29', '2023-06-17'),
(21, '2024-02-17', NULL),
(22, '2023-12-11', NULL),
(23, '2023-09-14', NULL),
(24, '2023-11-25', '2024-07-30'),
(25, '2021-04-13', '2023-03-11'),
(26, '2024-03-07', '2027-01-24'),
(27, '2024-11-15', NULL),
(28, '2022-10-28', NULL),
(29, '2021-05-12', '2024-10-26'),
(30, '2021-05-05', NULL),
(31, '2023-07-28', NULL),
(32, '2024-08-20', '2028-04-20'),
(33, '2021-09-20', '2025-08-14'),
(34, '2024-08-17', NULL),
(35, '2022-02-14', '2022-08-14'),
(36, '2024-06-23', NULL),
(37, '2024-02-29', '2025-07-24'),
(38, '2021-01-24', NULL),
(39, '2021-01-19', NULL),
(40, '2024-11-10', NULL),
(41, '2025-10-28', NULL),
(42, '2021-04-26', '2024-04-20'),
(43, '2022-08-11', '2026-08-02'),
(44, '2024-04-13', NULL),
(45, '2023-06-10', '2026-06-04'),
(46, '2025-02-04', NULL),
(47, '2025-02-06', NULL),
(48, '2023-08-29', NULL),
(49, '2021-10-08', '2024-07-19'),
(50, '2023-06-23', '2025-10-03');

-- Dados para Salario
INSERT INTO Salario (ID_fun, Data_inicio, salario_bruto) VALUES
(1, '2020-12-27', 1322.88),
(2, '2022-02-13', 950.0),
(3, '2025-09-01', 2226.08),
(4, '2022-02-12', 2141.18),
(5, '2021-02-18', 1542.06),
(6, '2020-11-25', 2396.09),
(7, '2022-07-16', 1777.91),
(8, '2024-02-14', 977.24),
(9, '2022-02-17', 1585.39),
(10, '2024-12-25', 950.0),
(11, '2022-06-14', 1539.47),
(12, '2025-10-29', 2053.18),
(13, '2024-07-28', 950.0),
(14, '2023-09-01', 950.0),
(15, '2025-02-10', 1657.93),
(16, '2021-12-23', 950.0),
(17, '2025-08-29', 1661.7),
(18, '2021-07-11', 950.0),
(19, '2022-10-19', 1798.69),
(20, '2021-11-29', 2060.5),
(21, '2024-02-17', 961.92),
(22, '2023-12-11', 2851.48),
(23, '2023-09-14', 2256.87),
(24, '2023-11-25', 1162.14),
(25, '2021-04-13', 2885.0),
(26, '2024-03-07', 1352.95),
(27, '2024-11-15', 1454.47),
(28, '2022-10-28', 2441.42),
(29, '2021-05-12', 1690.78),
(30, '2021-05-05', 2509.89),
(31, '2023-07-28', 1986.31),
(32, '2024-08-20', 1186.75),
(33, '2021-09-20', 2609.16),
(34, '2024-08-17', 1423.85),
(35, '2022-02-14', 1476.81),
(36, '2024-06-23', 2454.21),
(37, '2024-02-29', 1359.7),
(38, '2021-01-24', 1350.91),
(39, '2021-01-19', 2061.49),
(40, '2024-11-10', 1889.74),
(41, '2025-10-28', 950.0),
(42, '2021-04-26', 1973.93),
(43, '2022-08-11', 2156.42),
(44, '2024-04-13', 1541.93),
(45, '2023-06-10', 1327.21),
(46, '2025-02-04', 2061.66),
(47, '2025-02-06', 1636.53),
(48, '2023-08-29', 1093.48),
(49, '2021-10-08', 1452.99),
(50, '2023-06-23', 1315.76);

-- Dados para Beneficios
INSERT INTO Beneficios (ID_fun, Data_inicio, tipo, valor) VALUES
(1, '2020-12-27', 'Subsídio Transporte', 394.77),
(2, '2022-02-13', 'Seguro Saúde', 114.42),
(5, '2021-02-18', 'Seguro Saúde', 443.93),
(5, '2021-02-18', 'Subsídio Transporte', 158.39),
(6, '2020-11-25', 'Subsídio Transporte', 64.18),
(7, '2022-07-16', 'Subsídio Alimentação', 30.77),
(8, '2024-02-14', 'Telemóvel Empresa', 245.75),
(9, '2022-02-17', 'Carro Empresa', 261.98),
(9, '2022-02-17', 'Subsídio Alimentação', 87.58),
(9, '2022-02-17', 'Seguro Saúde', 93.07),
(10, '2024-12-25', 'Telemóvel Empresa', 446.34),
(11, '2022-06-14', 'Seguro Saúde', 261.0),
(11, '2022-06-14', 'Subsídio Transporte', 284.6),
(11, '2022-06-14', 'Telemóvel Empresa', 235.25),
(14, '2023-09-01', 'Carro Empresa', 33.01),
(14, '2023-09-01', 'Subsídio Alimentação', 111.54),
(14, '2023-09-01', 'Telemóvel Empresa', 370.55),
(15, '2025-02-10', 'Carro Empresa', 118.74),
(15, '2025-02-10', 'Seguro Saúde', 188.14),
(16, '2021-12-23', 'Telemóvel Empresa', 348.87),
(16, '2021-12-23', 'Seguro Saúde', 287.25),
(17, '2025-08-29', 'Subsídio Transporte', 51.21),
(17, '2025-08-29', 'Subsídio Alimentação', 327.26),
(18, '2021-07-11', 'Seguro Saúde', 230.22),
(18, '2021-07-11', 'Telemóvel Empresa', 96.32),
(19, '2022-10-19', 'Seguro Saúde', 431.59),
(19, '2022-10-19', 'Telemóvel Empresa', 234.05),
(19, '2022-10-19', 'Subsídio Transporte', 430.32),
(20, '2021-11-29', 'Telemóvel Empresa', 115.42),
(20, '2021-11-29', 'Subsídio Transporte', 243.69),
(21, '2024-02-17', 'Subsídio Transporte', 293.39),
(22, '2023-12-11', 'Subsídio Transporte', 196.93),
(22, '2023-12-11', 'Telemóvel Empresa', 106.98),
(22, '2023-12-11', 'Seguro Saúde', 331.33),
(24, '2023-11-25', 'Carro Empresa', 126.49),
(26, '2024-03-07', 'Seguro Saúde', 324.71),
(26, '2024-03-07', 'Subsídio Alimentação', 412.56),
(26, '2024-03-07', 'Carro Empresa', 201.2),
(28, '2022-10-28', 'Seguro Saúde', 367.66),
(29, '2021-05-12', 'Seguro Saúde', 258.83),
(29, '2021-05-12', 'Subsídio Transporte', 114.11),
(29, '2021-05-12', 'Carro Empresa', 122.63),
(30, '2021-05-05', 'Carro Empresa', 356.65),
(31, '2023-07-28', 'Telemóvel Empresa', 423.79),
(31, '2023-07-28', 'Carro Empresa', 219.25),
(31, '2023-07-28', 'Seguro Saúde', 402.61),
(32, '2024-08-20', 'Subsídio Alimentação', 344.48),
(32, '2024-08-20', 'Telemóvel Empresa', 276.59),
(33, '2021-09-20', 'Subsídio Transporte', 261.93),
(33, '2021-09-20', 'Carro Empresa', 205.12),
(34, '2024-08-17', 'Subsídio Alimentação', 347.35),
(35, '2022-02-14', 'Subsídio Alimentação', 335.15),
(35, '2022-02-14', 'Carro Empresa', 348.07),
(36, '2024-06-23', 'Subsídio Alimentação', 40.84),
(36, '2024-06-23', 'Carro Empresa', 94.49),
(39, '2021-01-19', 'Subsídio Transporte', 95.22),
(39, '2021-01-19', 'Seguro Saúde', 325.21),
(39, '2021-01-19', 'Subsídio Alimentação', 35.04),
(40, '2024-11-10', 'Subsídio Transporte', 382.19),
(40, '2024-11-10', 'Carro Empresa', 298.21),
(40, '2024-11-10', 'Seguro Saúde', 342.01),
(41, '2025-10-28', 'Subsídio Alimentação', 205.55),
(42, '2021-04-26', 'Seguro Saúde', 173.6),
(42, '2021-04-26', 'Subsídio Transporte', 84.11),
(42, '2021-04-26', 'Carro Empresa', 440.14),
(43, '2022-08-11', 'Subsídio Alimentação', 104.27),
(43, '2022-08-11', 'Seguro Saúde', 347.02),
(43, '2022-08-11', 'Carro Empresa', 63.37),
(44, '2024-04-13', 'Seguro Saúde', 97.46),
(44, '2024-04-13', 'Telemóvel Empresa', 402.06),
(44, '2024-04-13', 'Carro Empresa', 223.42),
(45, '2023-06-10', 'Subsídio Transporte', 417.95),
(45, '2023-06-10', 'Carro Empresa', 198.12),
(46, '2025-02-04', 'Subsídio Transporte', 110.55),
(46, '2025-02-04', 'Telemóvel Empresa', 180.12),
(48, '2023-08-29', 'Telemóvel Empresa', 283.28),
(48, '2023-08-29', 'Subsídio Alimentação', 276.53),
(48, '2023-08-29', 'Subsídio Transporte', 147.87),
(49, '2021-10-08', 'Seguro Saúde', 108.2),
(49, '2021-10-08', 'Carro Empresa', 234.1),
(49, '2021-10-08', 'Subsídio Transporte', 189.67);

-- Dados para Ferias
INSERT INTO Ferias (ID_fun, data_inicio, data_fim, num_dias, estado_aprov) VALUES
(1, '2025-04-16', '2025-04-24', 8, 'Aprovado'),
(1, '2023-02-06', '2023-02-09', 3, 'Por aprovar'),
(2, '2023-02-26', '2023-03-12', 14, 'Aprovado'),
(2, '2024-12-21', '2025-01-05', 15, 'Aprovado'),
(2, '2025-10-09', '2025-10-14', 5, 'Aprovado'),
(3, '2023-01-14', '2023-01-23', 9, 'Aprovado'),
(4, '2025-09-14', '2025-09-18', 4, 'Aprovado'),
(4, '2025-08-21', '2025-08-30', 9, 'Rejeitado'),
(4, '2023-01-15', '2023-01-28', 13, 'Por aprovar'),
(4, '2023-04-05', '2023-04-12', 7, 'Por aprovar'),
(7, '2022-11-13', '2022-11-15', 2, 'Aprovado'),
(10, '2023-10-12', '2023-10-24', 12, 'Por aprovar'),
(12, '2023-08-02', '2023-08-07', 5, 'Aprovado'),
(12, '2022-11-25', '2022-12-09', 14, 'Por aprovar'),
(13, '2023-01-22', '2023-02-05', 14, 'Rejeitado'),
(14, '2023-06-24', '2023-06-29', 5, 'Aprovado'),
(14, '2023-09-08', '2023-09-19', 11, 'Aprovado'),
(17, '2023-04-28', '2023-04-30', 2, 'Aprovado'),
(17, '2024-03-09', '2024-03-14', 5, 'Aprovado'),
(17, '2025-08-29', '2025-09-03', 5, 'Por aprovar'),
(18, '2024-01-13', '2024-01-21', 8, 'Por aprovar'),
(18, '2025-08-23', '2025-09-04', 12, 'Aprovado'),
(18, '2024-11-24', '2024-12-05', 11, 'Aprovado'),
(18, '2023-11-01', '2023-11-05', 4, 'Rejeitado'),
(19, '2023-05-12', '2023-05-24', 12, 'Aprovado'),
(19, '2025-08-14', '2025-08-26', 12, 'Aprovado'),
(20, '2024-08-19', '2024-08-22', 3, 'Por aprovar'),
(21, '2025-06-16', '2025-06-26', 10, 'Por aprovar'),
(22, '2023-10-26', '2023-11-07', 12, 'Rejeitado'),
(22, '2023-03-27', '2023-04-06', 10, 'Aprovado'),
(25, '2025-08-21', '2025-08-28', 7, 'Aprovado'),
(25, '2023-01-24', '2023-01-31', 7, 'Por aprovar'),
(25, '2024-12-21', '2024-12-24', 3, 'Rejeitado'),
(25, '2023-07-24', '2023-08-05', 12, 'Rejeitado'),
(26, '2023-03-19', '2023-03-26', 7, 'Aprovado'),
(26, '2023-09-16', '2023-09-22', 6, 'Aprovado'),
(26, '2024-07-06', '2024-07-11', 5, 'Rejeitado'),
(26, '2024-06-22', '2024-07-05', 13, 'Rejeitado'),
(27, '2025-01-29', '2025-02-11', 13, 'Rejeitado'),
(27, '2025-03-27', '2025-04-05', 9, 'Aprovado'),
(27, '2023-03-07', '2023-03-15', 8, 'Aprovado'),
(28, '2024-02-09', '2024-02-20', 11, 'Aprovado'),
(28, '2022-12-29', '2023-01-07', 9, 'Por aprovar'),
(28, '2024-08-28', '2024-09-02', 5, 'Aprovado'),
(30, '2024-12-15', '2024-12-28', 13, 'Aprovado'),
(30, '2023-12-13', '2023-12-28', 15, 'Aprovado'),
(30, '2023-01-13', '2023-01-16', 3, 'Aprovado'),
(30, '2024-01-06', '2024-01-15', 9, 'Aprovado'),
(31, '2025-07-11', '2025-07-17', 6, 'Rejeitado'),
(31, '2023-09-07', '2023-09-17', 10, 'Aprovado'),
(32, '2024-06-27', '2024-07-09', 12, 'Aprovado'),
(33, '2025-09-13', '2025-09-22', 9, 'Aprovado'),
(33, '2022-12-19', '2022-12-26', 7, 'Rejeitado'),
(34, '2025-07-14', '2025-07-22', 8, 'Aprovado'),
(34, '2025-01-06', '2025-01-10', 4, 'Rejeitado'),
(35, '2024-01-22', '2024-02-06', 15, 'Rejeitado'),
(35, '2025-03-02', '2025-03-06', 4, 'Aprovado'),
(35, '2023-09-12', '2023-09-18', 6, 'Aprovado'),
(36, '2025-04-10', '2025-04-19', 9, 'Rejeitado'),
(36, '2025-01-24', '2025-02-07', 14, 'Por aprovar'),
(36, '2025-09-26', '2025-09-29', 3, 'Aprovado'),
(36, '2025-07-15', '2025-07-21', 6, 'Aprovado'),
(37, '2024-08-14', '2024-08-26', 12, 'Rejeitado'),
(37, '2025-05-30', '2025-06-12', 13, 'Aprovado'),
(38, '2023-10-20', '2023-10-23', 3, 'Aprovado'),
(38, '2023-08-13', '2023-08-22', 9, 'Aprovado'),
(39, '2024-06-22', '2024-07-02', 10, 'Aprovado'),
(39, '2025-05-19', '2025-05-26', 7, 'Por aprovar'),
(39, '2023-09-16', '2023-09-19', 3, 'Aprovado'),
(40, '2023-09-09', '2023-09-17', 8, 'Aprovado'),
(40, '2023-01-20', '2023-01-31', 11, 'Aprovado'),
(41, '2023-12-15', '2023-12-27', 12, 'Rejeitado'),
(41, '2024-09-24', '2024-10-03', 9, 'Aprovado'),
(41, '2022-12-20', '2022-12-27', 7, 'Por aprovar'),
(43, '2024-09-08', '2024-09-16', 8, 'Rejeitado'),
(43, '2023-09-13', '2023-09-25', 12, 'Por aprovar'),
(43, '2023-02-19', '2023-03-05', 14, 'Aprovado'),
(43, '2023-11-20', '2023-11-28', 8, 'Aprovado'),
(45, '2024-07-24', '2024-07-31', 7, 'Por aprovar'),
(45, '2025-04-11', '2025-04-20', 9, 'Rejeitado'),
(45, '2023-10-09', '2023-10-18', 9, 'Aprovado'),
(45, '2024-08-26', '2024-08-28', 2, 'Por aprovar'),
(46, '2024-02-03', '2024-02-16', 13, 'Por aprovar'),
(46, '2024-06-15', '2024-06-30', 15, 'Rejeitado'),
(47, '2025-04-03', '2025-04-08', 5, 'Aprovado'),
(47, '2024-01-13', '2024-01-28', 15, 'Aprovado'),
(47, '2025-05-26', '2025-06-03', 8, 'Aprovado'),
(48, '2024-04-16', '2024-04-28', 12, 'Aprovado'),
(49, '2024-05-08', '2024-05-17', 9, 'Aprovado'),
(49, '2024-03-29', '2024-04-13', 15, 'Aprovado'),
(49, '2025-07-25', '2025-08-07', 13, 'Aprovado'),
(49, '2025-07-06', '2025-07-20', 14, 'Aprovado'),
(50, '2024-01-23', '2024-01-27', 4, 'Rejeitado');

-- Dados para Dependentes
INSERT INTO Dependentes (ID_Fun, nome, sexo, data_nascimento, parentesco) VALUES
(1, 'Beatriz Paiva-Sá', 'Outro', '1956-08-21', 'Pai/Mãe'),
(4, 'Joana Brito-Loureiro', 'Feminino', '2009-10-20', 'Pai/Mãe'),
(5, 'Salomé Antunes', 'Feminino', '1973-07-30', 'Pai/Mãe'),
(8, 'Vicente Araújo', 'Outro', '1961-02-14', 'Pai/Mãe'),
(11, 'Érica Campos', 'Outro', '1972-11-14', 'Pai/Mãe'),
(12, 'Xavier Figueiredo', 'Feminino', '2018-09-15', 'Pai/Mãe'),
(13, 'Noa Almeida-Machado', 'Masculino', '1967-03-11', 'Pai/Mãe'),
(16, 'Érica Neves', 'Outro', '1946-01-16', 'Pai/Mãe'),
(25, 'Yara Nogueira', 'Feminino', '1963-11-20', 'Pai/Mãe'),
(26, 'Diana Anjos-Teixeira', 'Feminino', '1975-11-17', 'Pai/Mãe'),
(32, 'Sandro Almeida', 'Masculino', '1990-04-04', 'Pai/Mãe'),
(39, 'Diego Amaral', 'Outro', '1997-07-14', 'Pai/Mãe'),
(40, 'Rafaela-Ema Sousa', 'Masculino', '1956-08-21', 'Pai/Mãe'),
(41, 'Beatriz Pinho', 'Feminino', '1961-12-16', 'Pai/Mãe'),
(4, 'Vasco da Alves', 'Feminino', '2000-02-17', 'Filho(a)'),
(4, 'Kevin Figueiredo', 'Outro', '1959-10-09', 'Cônjuge'),
(5, 'Martim Matos', 'Outro', '1997-11-04', 'Cônjuge'),
(5, 'Anita Campos', 'Feminino', '1971-12-20', 'Cônjuge'),
(5, 'César Martins', 'Outro', '1947-05-16', 'Enteado(a)'),
(6, 'Sebastião de Pacheco', 'Feminino', '1959-01-23', 'Enteado(a)'),
(6, 'Márcio Leal', 'Feminino', '2014-10-04', 'Filho(a)'),
(6, 'Micael Ribeiro', 'Outro', '1964-03-03', 'Filho(a)'),
(6, 'Igor Antunes', 'Feminino', '2003-01-10', 'Enteado(a)'),
(7, 'Bárbara de Pires', 'Masculino', '1952-09-30', 'Filho(a)'),
(7, 'William Cruz', 'Feminino', '1951-12-11', 'Cônjuge'),
(7, 'Mário Vieira-Simões', 'Feminino', '1974-09-10', 'Cônjuge'),
(7, 'Fernando Soares', 'Feminino', '1954-10-10', 'Filho(a)'),
(8, 'Gabriela Sá-Ferreira', 'Outro', '1989-07-11', 'Filho(a)'),
(8, 'Constança da Silva', 'Feminino', '2018-06-17', 'Cônjuge'),
(9, 'Paulo Alves', 'Feminino', '2006-04-20', 'Enteado(a)'),
(9, 'Débora Cardoso', 'Feminino', '1969-05-26', 'Cônjuge'),
(9, 'Caetana Leite', 'Masculino', '1999-12-09', 'Cônjuge'),
(9, 'David Vaz', 'Feminino', '1980-11-21', 'Filho(a)'),
(10, 'Lúcia Rocha', 'Masculino', '1958-04-12', 'Filho(a)'),
(10, 'Nicole Branco', 'Masculino', '1958-06-17', 'Filho(a)'),
(11, 'Miguel do Oliveira', 'Masculino', '2012-12-08', 'Filho(a)'),
(11, 'Violeta Santos', 'Feminino', '2017-01-14', 'Enteado(a)'),
(13, 'Cristiano Ramos', 'Feminino', '1953-11-21', 'Cônjuge'),
(13, 'Adriana Campos', 'Feminino', '1996-06-28', 'Filho(a)'),
(16, 'José Morais', 'Feminino', '1999-01-06', 'Filho(a)'),
(16, 'Rúben Amorim', 'Masculino', '1977-03-06', 'Filho(a)'),
(21, 'Victória Loureiro', 'Masculino', '1972-12-04', 'Enteado(a)'),
(23, 'Igor Nascimento', 'Feminino', '1947-11-15', 'Enteado(a)'),
(23, 'Noa Moura', 'Outro', '1972-11-17', 'Enteado(a)'),
(23, 'Álvaro Faria', 'Masculino', '1996-10-02', 'Cônjuge'),
(24, 'Joana Costa', 'Masculino', '1984-03-13', 'Filho(a)'),
(25, 'Anita Morais', 'Outro', '2025-01-25', 'Filho(a)'),
(26, 'Catarina Matos', 'Masculino', '1999-09-14', 'Enteado(a)'),
(26, 'Núria Macedo-Paiva', 'Masculino', '1955-02-04', 'Filho(a)'),
(26, 'Sebastião Lourenço', 'Outro', '2018-06-08', 'Enteado(a)'),
(28, 'Ivan Alves', 'Feminino', '2012-11-25', 'Enteado(a)'),
(29, 'Letícia da Brito', 'Masculino', '1993-07-20', 'Filho(a)'),
(30, 'Cláudio Carneiro', 'Masculino', '2013-09-12', 'Filho(a)'),
(31, 'Yasmin Reis-Freitas', 'Feminino', '2011-08-22', 'Enteado(a)'),
(31, 'João Vieira', 'Masculino', '1990-01-16', 'Filho(a)'),
(32, 'Isaac da Matos', 'Masculino', '1990-10-19', 'Enteado(a)'),
(32, 'Emma Monteiro', 'Masculino', '1997-03-05', 'Cônjuge'),
(34, 'Vitória Pires', 'Feminino', '1984-08-03', 'Cônjuge'),
(34, 'César Marques', 'Masculino', '1954-03-05', 'Enteado(a)'),
(34, 'Gustavo do Almeida', 'Masculino', '1955-12-25', 'Cônjuge'),
(35, 'Edgar Cunha', 'Masculino', '1957-10-03', 'Filho(a)'),
(35, 'Rúben Lourenço', 'Feminino', '2002-08-07', 'Filho(a)'),
(35, 'Joaquim Amaral', 'Outro', '2024-04-15', 'Cônjuge'),
(35, 'Raquel Soares', 'Feminino', '1996-07-07', 'Enteado(a)'),
(37, 'Victória-Daniela Freitas', 'Outro', '2013-07-12', 'Filho(a)'),
(38, 'Santiago Campos', 'Feminino', '1986-07-01', 'Filho(a)'),
(38, 'Constança Pereira', 'Feminino', '2022-12-12', 'Cônjuge'),
(38, 'Álvaro Cardoso-Andrade', 'Masculino', '1979-06-19', 'Filho(a)'),
(38, 'Mia Carneiro', 'Masculino', '1972-09-16', 'Cônjuge'),
(39, 'Pedro do Carneiro', 'Outro', '2011-08-02', 'Filho(a)'),
(39, 'Isabela Amorim', 'Outro', '2023-10-31', 'Filho(a)'),
(39, 'Melissa-Débora Monteiro', 'Masculino', '1977-06-26', 'Enteado(a)'),
(40, 'Júlia Ramos', 'Feminino', '1989-10-16', 'Filho(a)'),
(41, 'Leandro Leal', 'Masculino', '1978-05-02', 'Filho(a)'),
(41, 'Eduarda do Amaral', 'Outro', '1965-04-07', 'Cônjuge'),
(41, 'Matias Pereira', 'Outro', '2020-10-22', 'Filho(a)'),
(46, 'Miguel Gomes', 'Masculino', '1998-12-17', 'Cônjuge'),
(46, 'Patrícia Almeida-Reis', 'Outro', '1992-03-24', 'Cônjuge'),
(48, 'Miriam Baptista', 'Outro', '2016-03-25', 'Filho(a)');

-- Dados para Faltas
INSERT INTO Faltas (ID_Fun, Data, Justificacao) VALUES
(1, '2025-05-16', 'Apoio à família'),
(1, '2023-02-02', 'Consulta médica'),
(1, '2025-07-14', 'Avaria de transporte'),
(1, '2024-05-20', 'Doença súbita'),
(1, '2023-11-21', NULL),
(1, '2023-04-11', 'Avaria de transporte'),
(2, '2025-08-31', 'Consulta médica'),
(2, '2023-10-24', 'Procedimentos legais/burocráticos'),
(2, '2025-08-06', 'Procedimentos legais/burocráticos'),
(2, '2024-12-20', NULL),
(2, '2025-08-24', 'Assuntos pessoais urgentes'),
(2, '2024-09-07', 'Assuntos pessoais urgentes'),
(3, '2025-05-16', 'Assuntos pessoais urgentes'),
(3, '2024-04-16', 'Doença súbita'),
(3, '2023-02-04', 'Avaria de transporte'),
(3, '2025-10-06', 'Consulta médica'),
(3, '2023-12-18', 'Avaria de transporte'),
(4, '2023-03-11', 'Doença súbita'),
(4, '2023-09-03', 'Consulta médica'),
(4, '2024-11-27', NULL),
(4, '2023-01-27', NULL),
(5, '2024-11-13', 'Procedimentos legais/burocráticos'),
(5, '2023-02-13', 'Consulta médica'),
(6, '2025-04-04', 'Apoio à família'),
(6, '2024-04-03', 'Consulta médica'),
(6, '2025-01-04', 'Consulta médica'),
(7, '2024-06-30', 'Procedimentos legais/burocráticos'),
(8, '2024-11-25', 'Procedimentos legais/burocráticos'),
(8, '2024-12-27', 'Doença súbita'),
(8, '2023-12-29', 'Apoio à família'),
(8, '2025-01-01', 'Procedimentos legais/burocráticos'),
(9, '2025-08-06', 'Consulta médica'),
(9, '2023-07-08', 'Assuntos pessoais urgentes'),
(11, '2025-01-28', 'Assuntos pessoais urgentes'),
(11, '2024-12-22', 'Apoio à família'),
(11, '2022-11-27', 'Procedimentos legais/burocráticos'),
(12, '2023-10-26', 'Apoio à família'),
(12, '2025-09-22', 'Doença súbita'),
(12, '2023-10-18', 'Avaria de transporte'),
(13, '2024-07-14', 'Avaria de transporte'),
(14, '2023-03-28', 'Consulta médica'),
(14, '2024-08-19', NULL),
(14, '2025-02-17', 'Procedimentos legais/burocráticos'),
(16, '2023-10-27', 'Apoio à família'),
(16, '2024-11-08', 'Assuntos pessoais urgentes'),
(18, '2023-03-19', 'Avaria de transporte'),
(18, '2025-02-07', 'Apoio à família'),
(19, '2024-07-24', 'Apoio à família'),
(19, '2024-02-08', 'Procedimentos legais/burocráticos'),
(19, '2025-05-05', 'Procedimentos legais/burocráticos'),
(19, '2024-03-28', NULL),
(22, '2023-12-30', 'Assuntos pessoais urgentes'),
(22, '2025-09-02', 'Consulta médica'),
(22, '2024-12-05', NULL),
(22, '2024-12-11', 'Procedimentos legais/burocráticos'),
(23, '2023-12-16', 'Procedimentos legais/burocráticos'),
(24, '2024-01-08', 'Assuntos pessoais urgentes'),
(24, '2024-07-14', 'Procedimentos legais/burocráticos'),
(24, '2025-05-30', 'Consulta médica'),
(24, '2023-11-11', 'Avaria de transporte'),
(24, '2023-01-20', 'Apoio à família'),
(24, '2024-04-15', NULL),
(27, '2023-02-23', 'Apoio à família'),
(27, '2024-10-07', 'Assuntos pessoais urgentes'),
(27, '2024-09-02', 'Doença súbita'),
(27, '2024-01-10', 'Assuntos pessoais urgentes'),
(28, '2023-09-10', 'Assuntos pessoais urgentes'),
(28, '2024-06-06', 'Consulta médica'),
(29, '2025-01-20', NULL),
(30, '2024-11-13', 'Doença súbita'),
(31, '2024-05-15', 'Procedimentos legais/burocráticos'),
(31, '2025-09-10', 'Apoio à família'),
(31, '2025-07-23', 'Procedimentos legais/burocráticos'),
(31, '2024-01-25', 'Avaria de transporte'),
(31, '2024-01-02', NULL),
(32, '2024-02-06', 'Doença súbita'),
(32, '2024-01-05', NULL),
(32, '2025-01-11', NULL),
(32, '2025-10-12', 'Doença súbita'),
(33, '2023-05-20', 'Apoio à família'),
(33, '2025-06-15', NULL),
(33, '2025-01-13', 'Consulta médica'),
(34, '2025-02-23', NULL),
(34, '2025-07-19', NULL),
(35, '2023-09-29', NULL),
(35, '2025-09-27', 'Consulta médica'),
(35, '2024-09-24', NULL),
(35, '2024-09-12', 'Doença súbita'),
(36, '2025-01-03', 'Avaria de transporte'),
(36, '2023-03-26', 'Avaria de transporte'),
(36, '2024-01-30', 'Assuntos pessoais urgentes'),
(36, '2025-06-14', 'Avaria de transporte'),
(36, '2023-12-01', 'Consulta médica'),
(37, '2024-08-26', 'Doença súbita'),
(37, '2025-03-08', 'Consulta médica'),
(37, '2023-12-07', 'Avaria de transporte'),
(38, '2025-09-15', 'Avaria de transporte'),
(38, '2025-07-28', NULL),
(38, '2025-02-08', 'Avaria de transporte'),
(39, '2022-12-29', NULL),
(39, '2025-04-26', 'Doença súbita'),
(39, '2023-04-05', 'Procedimentos legais/burocráticos'),
(39, '2024-05-13', NULL),
(39, '2023-03-27', 'Avaria de transporte'),
(40, '2023-01-07', 'Avaria de transporte'),
(41, '2025-01-13', 'Avaria de transporte'),
(41, '2022-12-24', 'Consulta médica'),
(41, '2023-09-13', NULL),
(41, '2024-02-12', 'Consulta médica'),
(41, '2024-01-16', 'Procedimentos legais/burocráticos'),
(41, '2023-05-12', 'Doença súbita'),
(43, '2023-06-15', NULL),
(43, '2025-02-17', 'Consulta médica'),
(43, '2024-04-22', 'Avaria de transporte'),
(44, '2025-06-17', 'Procedimentos legais/burocráticos'),
(44, '2024-06-21', NULL),
(44, '2025-07-05', 'Avaria de transporte'),
(44, '2022-12-07', 'Doença súbita'),
(45, '2024-02-20', 'Apoio à família'),
(45, '2023-04-19', NULL),
(45, '2024-11-22', 'Doença súbita'),
(45, '2023-05-03', NULL),
(45, '2024-11-27', 'Apoio à família'),
(45, '2024-07-17', 'Assuntos pessoais urgentes'),
(46, '2025-07-25', 'Apoio à família'),
(46, '2023-12-02', 'Avaria de transporte'),
(46, '2023-05-04', 'Assuntos pessoais urgentes'),
(47, '2023-05-25', 'Apoio à família'),
(47, '2023-11-14', NULL),
(47, '2022-12-09', 'Avaria de transporte'),
(48, '2025-04-02', 'Consulta médica'),
(48, '2024-07-31', 'Apoio à família'),
(48, '2023-05-16', 'Procedimentos legais/burocráticos'),
(49, '2025-09-23', 'Consulta médica'),
(49, '2023-01-22', 'Avaria de transporte'),
(49, '2023-11-23', 'Consulta médica');

-- Dados para Historico_empresas
INSERT INTO Historico_empresas (ID_Fun, Nome_empresa, Nome_departamento, Cargo, Data_inicio, Data_fim) VALUES
(1, 'Vaz', 'Logística', 'Disc Jockey', '2020-12-27', '2023-12-28'),
(2, 'Marques', 'Engenharia', 'Trabalhador não qualificado das minas', '2023-02-21', '2024-09-07'),
(2, 'Maia', 'Recursos Humanos', 'Técnico em redes e sistemas de computadores', '2020-12-03', '2022-09-22'),
(3, 'Pinto S/A', 'Vendas', 'Artesão de artigos em madeira', '2022-12-18', '2024-11-27'),
(4, 'Valente', 'Administrativo', 'Estofador', '2022-09-10', '2023-12-21'),
(4, 'Araújo', 'Vendas', 'Preparador de refeições rápidas', '2018-12-07', '2021-09-29'),
(4, 'Teixeira S/A', 'Recursos Humanos', 'Programador de software', '2014-12-17', '2018-01-17'),
(5, 'Mendes', 'Engenharia', 'Outro pessoal de receção e de informação a clientes', '2022-10-05', '2023-11-20'),
(5, 'Torres S/A', 'Produto', 'Filósofo', '2019-08-05', '2022-03-12'),
(5, 'Monteiro', 'Recursos Humanos', 'Colocador de telhados e de coberturas', '2015-07-07', '2019-06-17'),
(6, 'Neves Baptista S/A', 'Administrativo', 'Oficiais e outros profissionais das forças e serviços de segurança, com funções de comando,', '2021-02-21', '2025-04-25'),
(6, 'Sá', 'Administrativo', 'Enfermeiro especialista em saúde materna e obstétrica', '2015-06-09', '2020-05-02'),
(6, 'Soares S/A', 'Recursos Humanos', 'Lavadeiro e engomador de roupa', '2011-03-26', '2014-12-24'),
(7, 'Neves Lda.', 'Administrativo', 'Fumigador e outros controladores, de pragas e ervas daninhas', '2019-08-20', '2024-03-20'),
(7, 'Carneiro Lda.', 'Marketing', 'Trabalhador não qualificado de engenharia civil', '2017-05-24', '2018-11-17'),
(7, 'Pinheiro', 'Tecnologia da Informação', 'Instalador de sistemas solares térmicos', '2012-09-29', '2016-06-22'),
(10, 'Guerreiro', 'Produto', 'Motorista de automóveis ligeiros e carrinhas', '2023-08-14', '2024-12-06'),
(10, 'Campos', 'Recursos Humanos', 'Engenheiro mecânico', '2019-07-12', '2023-02-27'),
(11, 'Paiva Costa Lda.', 'Financeiro', 'Empregado de aprovisionamento', '2020-09-19', '2024-04-15'),
(12, 'Lima S.A.', 'Logística', 'Coveiro', '2023-04-02', '2025-07-04'),
(12, 'Jesus', 'Logística', 'Professor do ensino especial', '2019-02-12', '2022-05-21'),
(12, 'Valente', 'Financeiro', 'Outro pessoal dos serviços de proteção e segurança', '2014-05-18', '2018-05-31'),
(14, 'Teixeira S/A', 'Qualidade', 'Operador de máquinas agrícolas e florestais, móveis', '2022-03-17', '2025-05-29'),
(15, 'Fonseca Freitas S/A', 'Qualidade', 'Condutor de veículos acionados à mão ou ao pé', '2023-12-12', '2025-07-18'),
(15, 'Alves', 'Vendas', 'Técnico de emissões de rádio', '2021-03-14', '2023-02-25'),
(15, 'Miranda', 'Suporte ao Cliente', 'Padeiro', '2017-06-21', '2020-04-05'),
(16, 'Maia', 'Administrativo', 'Operador de instalações de fornos e de primeira transformação de metais', '2023-03-19', '2024-06-30'),
(17, 'Correia Lda.', 'Engenharia', 'Tanoeiro, embutidor e outros similares a marceneiro', '2021-03-23', '2025-06-02'),
(17, 'Fernandes Maia Lda.', 'Qualidade', 'Regulador e operador de máquinas ferramentas de comando numérico computorizado', '2016-11-27', '2021-01-29'),
(18, 'Barbosa e Filhos', 'Recursos Humanos', 'Lavador de janelas', '2023-06-09', '2025-04-03'),
(18, 'Jesus', 'Suporte ao Cliente', 'Operador de instalações e máquinas, para petróleo e gás', '2020-08-17', '2022-08-31'),
(19, 'Araújo Lda.', 'Financeiro', 'Motosserrista', '2021-02-14', '2025-02-14'),
(21, 'Mota', 'Operações', 'Embalsamador', '2019-10-28', '2024-01-05'),
(22, 'Pinheiro', 'Administrativo', 'Pessoal de companhia e ajudantes de quarto', '2022-04-20', '2024-08-29'),
(23, 'Coelho', 'Qualidade', 'Terapeuta da fala', '2022-01-01', '2023-11-11'),
(24, 'Gonçalves Lda.', 'Operações', 'Escrivão', '2021-09-18', '2025-06-21'),
(24, 'Azevedo', 'Recursos Humanos', 'Trabalhador da triagem de resíduos', '2016-11-08', '2021-07-08'),
(25, 'Vaz S.A.', 'Recursos Humanos', 'Escultor', '2022-10-02', '2023-12-10'),
(25, 'Macedo', 'Operações', 'Salsicheiro', '2020-09-11', '2021-10-04'),
(26, 'Teixeira Silva S/A', 'Engenharia', 'Pintor de construções', '2022-05-29', '2024-08-20'),
(26, 'Nunes e Filhos', 'Recursos Humanos', 'Operador de máquinas de fabrico de calçado', '2019-04-17', '2021-11-30'),
(26, 'Simões Pinho e Filhos', 'Qualidade', 'Condutor de motociclos', '2017-06-28', '2018-12-26'),
(27, 'Moura', 'Administrativo', 'Operador de gruas, guindastes', '2022-04-04', '2024-06-23'),
(28, 'Machado S/A', 'Logística', 'Bombeiro', '2021-05-24', '2024-03-26'),
(28, 'Fonseca', 'Produto', 'Operador de instalações de tratamento térmico de metais', '2015-09-02', '2020-07-05'),
(31, 'Macedo', 'Financeiro', 'Especialista do trabalho social', '2021-09-12', '2025-01-01'),
(31, 'Figueiredo', 'Produto', 'Diretor dos serviços de apoio social', '2017-11-16', '2020-12-04'),
(31, 'Anjos', 'Vendas', 'Encarregado da construção', '2014-11-13', '2017-10-09'),
(32, 'Morais Lda.', 'Suporte ao Cliente', 'Manicura, pedicura e calista', '2020-07-20', '2025-04-13'),
(33, 'Tavares Teixeira S.A.', 'Qualidade', 'Operador de instalações e máquinas, para petróleo e gás', '2021-01-20', '2024-07-02'),
(33, 'Pires', 'Produto', 'Encarregados das indústrias metalúrgicas de base e fabrico de produtos metálicos', '2016-07-04', '2020-11-04'),
(33, 'Castro', 'Marketing', 'Embalador manual da indústria transformadora', '2013-10-11', '2015-11-30'),
(34, 'Matos', 'Operações', 'Forjador e ferreiro', '2023-11-01', '2025-04-03'),
(34, 'Amorim', 'Engenharia', 'Diretor das indústrias extrativas', '2019-02-08', '2022-12-14'),
(34, 'Ramos', 'Produto', 'Produtor e trabalhador qualificado na produção de ovinos e caprinos', '2015-05-31', '2018-03-12'),
(35, 'Morais Lda.', 'Recursos Humanos', 'Montador de andaimes', '2021-11-21', '2024-01-23'),
(36, 'Amaral S/A', 'Administrativo', 'Regulador e operador de máquinas ferramentas convencionais para trabalhar metais', '2022-10-11', '2024-10-21'),
(37, 'Magalhães', 'Marketing', 'Técnico em redes e sistemas de computadores', '2022-01-31', '2025-07-07'),
(37, 'Tavares', 'Financeiro', 'Técnico de operação de instalações de produção de energia', '2019-05-10', '2021-06-17'),
(37, 'Paiva Branco Lda.', 'Vendas', 'Filósofo', '2015-02-06', '2018-10-23'),
(38, 'Moreira e Filhos', 'Financeiro', 'Confeiteiro', '2021-04-02', '2024-01-03'),
(38, 'Lopes Jesus e Filhos', 'Administrativo', 'Filigranista', '2019-02-14', '2021-01-19'),
(39, 'Gaspar', 'Engenharia', 'Encarregados das indústrias metalúrgicas de base e fabrico de produtos metálicos', '2024-03-11', '2025-04-01'),
(39, 'Faria Mota e Filhos', 'Administrativo', 'Operador de fundição', '2020-12-22', '2023-12-21'),
(40, 'Carneiro', 'Marketing', 'Educador de infância', '2019-08-28', '2024-06-30'),
(42, 'Esteves', 'Administrativo', 'Empregado de biblioteca', '2020-02-06', '2023-12-12'),
(42, 'Coelho S/A', 'Engenharia', 'Educador de infância', '2014-12-09', '2019-10-06'),
(42, 'Almeida', 'Qualidade', 'Lapidador e gravador, de vidro, cerâmica e outros materiais', '2012-06-02', '2014-09-16'),
(43, 'Moura S.A.', 'Engenharia', 'Trabalhador não qualificado das minas', '2021-09-13', '2025-05-04'),
(43, 'Batista Matias e Filhos', 'Tecnologia da Informação', 'Operador de pré-impressão', '2018-03-24', '2020-09-24'),
(45, 'Pinto', 'Engenharia', 'Especialista em métodos de ensino', '2022-11-03', '2025-01-01'),
(47, 'Pires', 'Produto', 'Ladrilhador', '2023-04-11', '2024-09-03'),
(47, 'Gaspar e Filhos', 'Qualidade', 'Operador de máquinas para fabrico de produtos de arame', '2018-08-26', '2022-10-11'),
(48, 'Moura Guerreiro Lda.', 'Operações', 'Operador de instalações e máquinas para outros tratamentos químicos', '2022-02-27', '2025-01-11'),
(49, 'Matos', 'Marketing', 'Outro pessoal de apoio de tipo administrativo, n.e.', '2023-10-09', '2025-06-18'),
(49, 'Mota', 'Logística', 'Rececionista, exceto de hotel', '2021-03-17', '2023-09-04'),
(50, 'Ribeiro', 'Engenharia', 'Engenheiro de obras de engenharia civil', '2022-09-21', '2025-05-16'),
(50, 'Pereira e Filhos', 'Recursos Humanos', 'Mergulhador', '2020-08-16', '2022-06-12');

-- Dados para Candidatos
INSERT INTO Candidatos (ID_cand, Nome, Email, Telemovel, CV, Carta_motivacao) VALUES
(1, 'Tomé Figueiredo', 'rfreitas@example.org', '963165661', NULL, NULL),
(2, 'Mélanie Gomes-Amorim', 'hmonteiro@example.net', '(351) 923000153', NULL, NULL),
(3, 'Ivo Monteiro', 'ycastro@example.com', '(351) 913 701 649', NULL, NULL),
(4, 'Mariana Carneiro', 'erikafernandes@example.com', '923 304 877', NULL, NULL),
(5, 'Filipe Morais-Abreu', 'sofiacardoso@example.net', '(351) 934774934', NULL, NULL),
(6, 'César Leite', 'raquel83@example.com', '+351929290161', NULL, NULL),
(7, 'Irina Sousa', 'zferreira@example.net', '+351938203353', NULL, NULL),
(8, 'Rafaela-Pilar Torres', 'enzogomes@example.net', '(351) 919605038', NULL, NULL),
(9, 'Benedita-Kyara Assunção', 'larafreitas@example.com', '(351) 926 935 557', NULL, NULL),
(10, 'Joana Machado', 'micaelsilva@example.org', '(351) 920669154', NULL, NULL),
(11, 'Melissa Simões-Campos', 'cnogueira@example.org', '969227860', NULL, NULL),
(12, 'Filipe Cruz', 'lopesleonardo@example.net', '(351) 926 091 921', NULL, NULL),
(13, 'Jéssica de Antunes', 'matildemorais@example.net', '+351924069831', NULL, NULL),
(14, 'Ema-Mariana Sousa', 'margaridacarvalho@example.org', '(351) 919954240', NULL, NULL),
(15, 'Teresa Lima', 'dinispacheco@example.net', '(351) 968 565 870', NULL, NULL),
(16, 'José Garcia', 'renata99@example.com', '(351) 962856015', NULL, NULL),
(17, 'Tatiana-Eva Santos', 'mateus86@example.net', '915 509 598', NULL, NULL),
(18, 'Mateus Barros', 'moraiscarlota@example.org', '+351926672428', NULL, NULL),
(19, 'Marco Reis', 'alexandresa@example.com', '926 954 957', NULL, NULL),
(20, 'Álvaro Mendes', 'neveslucas@example.org', '(351) 964 290 983', NULL, NULL),
(21, 'Matilde Magalhães-Nascimento', 'vitoria53@example.org', '(351) 930 182 602', NULL, NULL),
(22, 'Benedita Mota', 'bryancarneiro@example.com', '934 395 257', NULL, NULL),
(23, 'Mafalda Cardoso', 'simoespatricia@example.net', '+351250859680', NULL, NULL),
(24, 'Rita-Íris Simões', 'anitanascimento@example.com', '(351) 922 806 238', NULL, NULL),
(25, 'João Jesus', 'opereira@example.org', '+351285903295', NULL, NULL),
(26, 'Bárbara da Magalhães', 'tgarcia@example.com', '(351) 968941160', NULL, NULL),
(27, 'Santiago Cardoso', 'gleite@example.net', '(351) 911534991', NULL, NULL),
(28, 'Jéssica Branco', 'ana78@example.org', '(351) 925 298 943', NULL, NULL),
(29, 'Sara Cardoso', 'iris95@example.com', '+351296911550', NULL, NULL),
(30, 'José Lopes', 'lopeslucas@example.com', '+351927301169', NULL, NULL),
(31, 'Caetana Pereira', 'bruna90@example.org', '+351939253553', NULL, NULL),
(32, 'Melissa Oliveira', 'rribeiro@example.net', '(351) 933056010', NULL, NULL),
(33, 'Santiago Marques', 'eva21@example.net', '+351235419287', NULL, NULL),
(34, 'Isabel-Catarina Ramos', 'yasminvaz@example.net', '205 512 391', NULL, NULL),
(35, 'Juliana da Anjos', 'fmartins@example.net', '(351) 914658630', NULL, NULL),
(36, 'Débora Leite', 'sergio15@example.net', '(351) 964 416 156', NULL, NULL),
(37, 'Kévim Castro', 'sebastiao17@example.net', '915170709', NULL, NULL),
(38, 'Valentina Vaz-Matias', 'iarafigueiredo@example.net', '(351) 275 435 858', NULL, NULL),
(39, 'Brian Loureiro', 'sofiaalmeida@example.org', '929 417 752', NULL, NULL),
(40, 'Rúben Carneiro', 'nalves@example.net', '(351) 935614745', NULL, NULL),
(41, 'Ricardo Esteves', 'anaferreira@example.com', '(351) 911 234 567', NULL, NULL),
(42, 'Beatriz Pires', 'goncalo.rodrigues@example.net', '967 890 123', NULL, NULL),
(43, 'Guilherme Martins', 'clara_almeida@example.org', '+351934567890', NULL, NULL),
(44, 'Inês Vaz', 'tiago.pereira@example.com', '(351) 922 345 678', NULL, NULL),
(45, 'Afonso Correia', 'marta_silva@example.net', '910 123 456', NULL, NULL),
(46, 'Sofia da Costa', 'joao.santos@example.org', '(351) 965 432 109', NULL, NULL),
(47, 'Pedro Ribeiro', 'rita.oliveira@example.com', '+351931234567', NULL, NULL),
(48, 'Madalena Lopes', 'dinis.carvalho@example.net', '(351) 928 765 432', NULL, NULL),
(49, 'Diogo Castro', 'luisa_gomes@example.org', '919 876 543', NULL, NULL),
(50, 'Leonor Fernandes', 'rafael.martins@example.com', '(351) 963 210 987', NULL, NULL),
(51, 'Francisco Lima', 'ines.machado@example.net', '+351939 876 543', NULL, NULL),
(52, 'Carolina Mendes', 'hugo.neves@example.org', '(351) 925 432 109', NULL, NULL),
(53, 'Vasco Silva', 'mariana.lopes@example.com', '911 223 344', NULL, NULL),
(54, 'Alice Ferreira', 'eduardo.pereira@example.net', '(351) 966 778 899', NULL, NULL),
(55, 'Gabriel Antunes', 'carolina.rodrigues@example.org', '+351933445566', NULL, NULL),
(56, 'Laura Pinto', 'nuno.alves@example.com', '(351) 927 889 900', NULL, NULL),
(57, 'Miguel Teixeira', 'filipa.ribeiro@example.net', '914 556 677', NULL, NULL),
(58, 'Margarida Sousa', 'andre.silva@example.org', '(351) 968 990 011', NULL, NULL),
(59, 'João Rocha', 'sara.freitas@example.com', '+351930 112 233', NULL, NULL),
(60, 'Ema Duarte', 'pedro.costa@example.net', '(351) 923 001 122', NULL, NULL),
(61, 'Tiago Nogueira', 'helena.santos@example.org', '915 667 788', NULL, NULL),
(62, 'Diana Barbosa', 'luis.martins@example.com', '(351) 961 002 244', NULL, NULL),
(63, 'Rodrigo Tavares', 'claudia.monteiro@example.net', '+351937 889 900', NULL, NULL),
(64, 'Catarina Morais', 'manuel.sousa@example.org', '(351) 920 334 455', NULL, NULL),
(65, 'Bernardo Leal', 'veronica.alves@example.com', '912 113 355', NULL, NULL),
(66, 'Sara Neves', 'roberto.gomes@example.net', '(351) 964 556 778', NULL, NULL),
(67, 'Hugo Vieira', 'patricia.pinto@example.org', '+351936 778 990', NULL, NULL),
(68, 'Júlia Azevedo', 'fernando.lima@example.com', '(351) 929 001 234', NULL, NULL),
(69, 'Lourenço Guedes', 'marisa.duarte@example.net', '917 889 001', NULL, NULL),
(70, 'Benedita Faria', 'joaquim.paiva@example.org', '(351) 962 334 567', NULL, NULL),
(71, 'Rafael Gomes', 'elsa.rocha@example.com', '+351938 990 123', NULL, NULL),
(72, 'Isabel Ramos', 'alexandre.vieira@example.net', '(351) 921 223 456', NULL, NULL),
(73, 'Simão Costa', 'teresacosta@example.org', '916 778 990', NULL, NULL),
(74, 'Márcia Almeida', 'ruigarcia@example.com', '(351) 960 112 345', NULL, NULL),
(75, 'Vítor Correia', 'anabelamartins@example.net', '+351935 667 890', NULL, NULL),
(76, 'Eva Cardoso', 'vitormorais@example.org', '(351) 924 556 789', NULL, NULL),
(77, 'Daniel Reis', 'sandrapinto@example.com', '913 445 678', NULL, NULL),
(78, 'Raquel Pinto', 'carlosteixeira@example.net', '(351) 969 001 234', NULL, NULL),
(79, 'Martim Barros', 'susanaazevedo@example.org', '+351932 334 567', NULL, NULL),
(80, 'Filipa Lemos', 'davidnunes@example.com', '(351) 926 778 901', NULL, NULL);

-- Dados para Vagas
INSERT INTO Vagas (ID_vaga, Data_abertura, Estado, ID_depart) VALUES
(1, '2025-08-30', 'Suspensa', 7),
(2, '2025-06-09', 'Fechada', 5),
(3, '2024-11-02', 'Aberta', 2),
(4, '2024-10-03', 'Suspensa', 6),
(5, '2024-07-09', 'Fechada', 2),
(6, '2024-01-29', 'Fechada', 5),
(7, '2023-12-23', 'Fechada', 6),
(8, '2024-03-21', 'Fechada', 8),
(9, '2024-02-11', 'Fechada', 3),
(10, '2025-01-29', 'Fechada', 5);

-- Dados para Candidato_a
INSERT INTO Candidato_a (ID_cand, ID_Vaga, Data_cand, Estado, ID_recrutador) VALUES
(1, 7, '2024-04-29', 'Rejeitado', 11),
(1, 5, '2025-03-02', 'Em análise', 25),
(1, 4, '2025-05-20', 'Submetido', 23),
(2, 3, '2025-01-30', 'Contratado', 43),
(2, 6, '2025-10-11', 'Rejeitado', 32),
(2, 2, '2025-08-25', 'Entrevista', 11),
(3, 2, '2025-09-14', 'Entrevista', 32),
(3, 6, '2025-04-17', 'Rejeitado', 23),
(4, 4, '2025-05-28', 'Rejeitado', 30),
(4, 7, '2025-07-06', 'Entrevista', 25),
(5, 6, '2024-07-15', 'Contratado', 43),
(7, 8, '2025-02-25', 'Rejeitado', 25),
(7, 5, '2025-02-28', 'Em análise', 43),
(7, 10, '2025-10-08', 'Em análise', 11),
(8, 4, '2025-04-17', 'Rejeitado', 39),
(8, 2, '2025-09-15', 'Rejeitado', 25),
(9, 7, '2024-01-28', 'Rejeitado', 23),
(9, 9, '2024-06-03', 'Rejeitado', 25),
(9, 5, '2025-01-14', 'Contratado', 30),
(10, 7, '2025-09-23', 'Em análise', 43),
(10, 2, '2025-10-18', 'Em análise', 39),
(12, 4, '2024-12-25', 'Em análise', 25),
(12, 6, '2025-08-16', 'Entrevista', 25),
(13, 8, '2024-06-11', 'Contratado', 32),
(13, 1, '2025-10-30', 'Em análise', 32),
(13, 9, '2025-09-29', 'Rejeitado', 25),
(15, 3, '2025-07-15', 'Contratado', 30),
(15, 10, '2025-04-07', 'Rejeitado', 43),
(15, 2, '2025-09-26', 'Rejeitado', 23),
(16, 4, '2024-12-13', 'Contratado', 32),
(16, 5, '2025-01-04', 'Entrevista', 11),
(17, 10, '2025-08-13', 'Rejeitado', 23),
(19, 6, '2025-05-24', 'Rejeitado', 32),
(20, 3, '2025-06-22', 'Rejeitado', 30),
(21, 6, '2025-06-28', 'Entrevista', 39),
(21, 7, '2024-06-22', 'Rejeitado', 11),
(22, 8, '2025-03-06', 'Contratado', 32),
(22, 9, '2025-10-18', 'Em análise', 39),
(22, 6, '2024-07-06', 'Rejeitado', 30),
(23, 2, '2025-07-25', 'Rejeitado', 23),
(23, 5, '2025-10-05', 'Em análise', 11),
(24, 6, '2024-02-25', 'Submetido', 30),
(24, 9, '2025-01-04', 'Submetido', 32),
(26, 1, '2025-10-04', 'Rejeitado', 43),
(26, 4, '2025-03-10', 'Rejeitado', 30),
(27, 5, '2025-08-05', 'Submetido', 11),
(27, 3, '2025-09-30', 'Rejeitado', 43),
(30, 5, '2025-04-06', 'Rejeitado', 11),
(33, 6, '2024-04-21', 'Submetido', 25),
(35, 2, '2025-10-08', 'Submetido', 32),
(35, 10, '2025-03-28', 'Rejeitado', 32),
(35, 6, '2025-05-02', 'Rejeitado', 39),
(36, 1, '2025-09-05', 'Submetido', 39),
(36, 8, '2025-10-19', 'Contratado', 43),
(36, 7, '2024-12-15', 'Rejeitado', 43),
(38, 3, '2025-02-04', 'Rejeitado', 30),
(38, 5, '2025-02-12', 'Entrevista', 39),
(39, 4, '2025-03-26', 'Em análise', 43),
(40, 3, '2025-09-11', 'Submetido', 32);

-- Dados para Requisitos_vaga
INSERT INTO Requisitos_vaga (ID_vaga, Requisito) VALUES
(1, 'Inglês Fluente'),
(1, 'SQL'),
(1, 'Atendimento ao Cliente'),
(1, 'Trabalho em Equipa'),
(1, 'Liderança'),
(2, 'Inglês Fluente'),
(2, 'Análise de Dados'),
(3, 'Python'),
(3, 'Liderança'),
(3, 'Contabilidade'),
(3, 'Inglês Fluente'),
(3, 'Comunicação'),
(4, 'Liderança'),
(4, 'Inglês Fluente'),
(4, 'Excel Avançado'),
(5, 'Análise de Dados'),
(5, 'Comunicação'),
(5, 'Inglês Fluente'),
(6, 'React'),
(6, 'Comunicação'),
(7, 'Trabalho em Equipa'),
(7, 'Inglês Fluente'),
(7, 'React'),
(7, 'Marketing Digital'),
(8, 'Inglês Fluente'),
(8, 'Atendimento ao Cliente'),
(8, 'Gestão de Projetos'),
(8, 'Liderança'),
(9, 'Contabilidade'),
(9, 'Trabalho em Equipa'),
(9, 'Liderança'),
(9, 'Marketing Digital'),
(9, 'Inglês Fluente'),
(10, 'Comunicação'),
(10, 'Inglês Fluente');

-- Dados para Formacoes
INSERT INTO Formacoes (ID_for, Nome_formacao, Descricao, Data_inicio, Data_fim, Estado) VALUES
(1, 'Liderança e Gestão de Equipas', 'Desenvolver competências de liderança, motivação e gestão de conflitos para chefes de equipa.', '2023-10-05', '2023-10-10', 'Concluida'),
(2, 'Cibersegurança para Colaboradores', 'Sensibilizar para as melhores práticas de segurança digital, phishing e proteção de dados.', '2024-03-15', '2024-03-16', 'Concluida'),
(3, 'Análise de Dados com Python', 'Introdução à análise de dados utilizando as bibliotecas Pandas e Matplotlib.', '2024-09-02', '2024-09-13', 'Em curso'),
(4, 'Técnicas de Negociação e Vendas', 'Aperfeiçoar técnicas de comunicação, persuasão e fecho de negócios para a equipa comercial.', '2025-02-10', '2025-02-14', 'Planeada'),
(5, 'Inteligência Emocional no Trabalho', 'Gerir emoções, melhorar o autoconhecimento e a empatia nas relações interpessoais no trabalho.', '2025-05-19', '2025-05-20', 'Planeada');

-- Dados para Teve_Formacao
INSERT INTO Teve_Formacao (ID_Fun, ID_for, Certificado, Data_inicio, Data_fim) VALUES
(4, 3, NULL, '2024-09-02', '2024-09-13'),
(7, 5, NULL, '2025-05-19', '2025-05-20'),
(7, 4, NULL, '2025-02-10', '2025-02-14'),
(8, 2, NULL, '2024-03-15', '2024-03-16'),
(8, 5, NULL, '2025-05-19', '2025-05-20'),
(11, 3, NULL, '2024-09-02', '2024-09-13'),
(11, 1, NULL, '2023-10-05', '2023-10-10'),
(13, 3, NULL, '2024-09-02', '2024-09-13'),
(13, 4, NULL, '2025-02-10', '2025-02-14'),
(14, 5, NULL, '2025-05-19', '2025-05-20'),
(14, 2, NULL, '2024-03-15', '2024-03-16'),
(15, 3, NULL, '2024-09-02', '2024-09-13'),
(17, 4, NULL, '2025-02-10', '2025-02-14'),
(17, 2, NULL, '2024-03-15', '2024-03-16'),
(18, 5, NULL, '2025-05-19', '2025-05-20'),
(18, 1, NULL, '2023-10-05', '2023-10-10'),
(20, 5, NULL, '2025-05-19', '2025-05-20'),
(21, 4, NULL, '2025-02-10', '2025-02-14'),
(21, 3, NULL, '2024-09-02', '2024-09-13'),
(22, 4, NULL, '2025-02-10', '2025-02-14'),
(22, 5, NULL, '2025-05-19', '2025-05-20'),
(26, 2, NULL, '2024-03-15', '2024-03-16'),
(27, 5, NULL, '2025-05-19', '2025-05-20'),
(28, 1, NULL, '2023-10-05', '2023-10-10'),
(28, 4, NULL, '2025-02-10', '2025-02-14'),
(30, 4, NULL, '2025-02-10', '2025-02-14'),
(30, 3, NULL, '2024-09-02', '2024-09-13'),
(31, 2, NULL, '2024-03-15', '2024-03-16'),
(33, 2, NULL, '2024-03-15', '2024-03-16'),
(34, 4, NULL, '2025-02-10', '2025-02-14'),
(34, 3, NULL, '2024-09-02', '2024-09-13'),
(35, 2, NULL, '2024-03-15', '2024-03-16'),
(37, 5, NULL, '2025-05-19', '2025-05-20'),
(37, 2, NULL, '2024-03-15', '2024-03-16'),
(41, 2, NULL, '2024-03-15', '2024-03-16'),
(41, 4, NULL, '2025-02-10', '2025-02-14'),
(42, 1, NULL, '2023-10-05', '2023-10-10'),
(42, 3, NULL, '2024-09-02', '2024-09-13'),
(43, 2, NULL, '2024-03-15', '2024-03-16'),
(44, 5, NULL, '2025-05-19', '2025-05-20'),
(44, 1, NULL, '2023-10-05', '2023-10-10'),
(45, 5, NULL, '2025-05-19', '2025-05-20'),
(45, 3, NULL, '2024-09-02', '2024-09-13'),
(46, 2, NULL, '2024-03-15', '2024-03-16'),
(46, 1, NULL, '2023-10-05', '2023-10-10'),
(47, 1, NULL, '2023-10-05', '2023-10-10'),
(48, 1, NULL, '2023-10-05', '2023-10-10'),
(48, 4, NULL, '2025-02-10', '2025-02-14');

-- Dados para Avaliacoes
INSERT INTO Avaliacoes (ID_Fun, ID_avaliador, Data, Avaliacao, Criterios, Autoavaliacao) VALUES
(48, 15, '2024-04-06', NULL, 'Iniciativa e proatividade na sugestão de novas melhorias.', 'Gostaria de ter mais formação na área de análise de dados para contribuir melhor.'),
(48, 18, '2023-06-21', NULL, 'Qualidade técnica do trabalho entregue e atenção ao detalhe.', NULL),
(6, 20, '2023-09-10', NULL, 'Avaliação da pontualidade e assiduidade no último semestre.', 'Preciso de focar-me em ser mais conciso nas reuniões de equipa.'),
(14, 36, '2025-02-13', NULL, 'Desempenho nos projetos de equipa e capacidade de colaboração.', NULL),
(7, 12, '2024-06-06', NULL, 'Iniciativa e proatividade na sugestão de novas melhorias.', 'Consegui melhorar a minha organização e gestão de tempo, como foi discutido.'),
(49, 25, '2023-08-28', NULL, 'Avaliação da pontualidade e assiduidade no último semestre.', 'Gostaria de ter mais formação na área de análise de dados para contribuir melhor.'),
(32, 39, '2024-01-30', NULL, 'Desempenho nos projetos de equipa e capacidade de colaboração.', NULL),
(7, 38, '2024-09-17', NULL, 'Iniciativa e proatividade na sugestão de novas melhorias.', NULL),
(18, 27, '2024-07-23', NULL, 'Avaliação da pontualidade e assiduidade no último semestre.', 'Sinto que atingi todos os meus objetivos principais este semestre.'),
(38, 22, '2023-08-01', NULL, 'Capacidade de resolução de problemas e tomada de decisão.', 'Consegui melhorar a minha organização e gestão de tempo, como foi discutido.'),
(39, 20, '2025-06-05', NULL, 'Capacidade de resolução de problemas e tomada de decisão.', NULL),
(25, 32, '2024-07-02', NULL, 'Desempenho nos projetos de equipa e capacidade de colaboração.', 'Tive alguma dificuldade em gerir o projeto Y, mas aprendi muito com o processo.'),
(35, 9, '2023-05-24', NULL, 'Gestão de tempo, cumprimento de prazos e organização.', NULL),
(31, 26, '2024-09-12', NULL, 'Qualidade da comunicação com o cliente e stakeholders internos.', 'Consegui melhorar a minha organização e gestão de tempo, como foi discutido.'),
(39, 1, '2024-03-07', NULL, 'Qualidade da comunicação com o cliente e stakeholders internos.', NULL),
(25, 32, '2024-06-26', NULL, 'Avaliação da pontualidade e assiduidade no último semestre.', 'Sinto que atingi todos os meus objetivos principais este semestre.'),
(50, 21, '2023-05-17', NULL, 'Qualidade da comunicação com o cliente e stakeholders internos.', NULL),
(19, 47, '2024-01-08', NULL, 'Desempenho nos projetos de equipa e capacidade de colaboração.', 'Tive alguma dificuldade em gerir o projeto Y, mas aprendi muito com o processo.'),
(22, 15, '2025-05-19', NULL, 'Qualidade da comunicação com o cliente e stakeholders internos.', NULL),
(35, 9, '2024-04-12', NULL, 'Qualidade da comunicação com o cliente e stakeholders internos.', 'Gostaria de ter mais formação na área de análise de dados para contribuir melhor.'),
(28, 29, '2023-12-05', NULL, 'Capacidade de resolução de problemas e tomada de decisão.', NULL),
(26, 8, '2024-10-27', NULL, 'Desempenho nos projetos de equipa e capacidade de colaboração.', NULL),
(19, 35, '2023-08-09', NULL, 'Qualidade técnica do trabalho entregue e atenção ao detalhe.', NULL),
(49, 4, '2024-10-19', NULL, 'Capacidade de resolução de problemas e tomada de decisão.', 'Tive alguma dificuldade em gerir o projeto Y, mas aprendi muito com o processo.'),
(34, 18, '2024-04-02', NULL, 'Gestão de tempo, cumprimento de prazos e organização.', 'Tive alguma dificuldade em gerir o projeto Y, mas aprendi muito com o processo.'),
(16, 48, '2024-01-30', NULL, 'Iniciativa e proatividade na sugestão de novas melhorias.', 'Preciso de focar-me em ser mais conciso nas reuniões de equipa.'),
(33, 10, '2023-04-20', NULL, 'Qualidade técnica do trabalho entregue e atenção ao detalhe.', 'Tive alguma dificuldade em gerir o projeto Y, mas aprendi muito com o processo.'),
(48, 47, '2023-03-28', NULL, 'Capacidade de resolução de problemas e tomada de decisão.', NULL),
(4, 21, '2024-02-26', NULL, 'Desempenho nos projetos de equipa e capacidade de colaboração.', NULL),
(21, 1, '2024-09-18', NULL, 'Avaliação da pontualidade e assiduidade no último semestre.', NULL),
(27, 39, '2024-08-22', NULL, 'Qualidade da comunicação com o cliente e stakeholders internos.', 'Tive alguma dificuldade em gerir o projeto Y, mas aprendi muito com o processo.'),
(17, 24, '2024-09-25', NULL, 'Gestão de tempo, cumprimento de prazos e organização.', NULL),
(35, 37, '2024-03-01', NULL, 'Gestão de tempo, cumprimento de prazos e organização.', 'Completei a formação X e sinto-me mais confiante nas minhas tarefas.'),
(16, 21, '2022-11-26', NULL, 'Gestão de tempo, cumprimento de prazos e organização.', 'Preciso de focar-me em ser mais conciso nas reuniões de equipa.'),
(24, 37, '2023-01-23', NULL, 'Desempenho nos projetos de equipa e capacidade de colaboração.', NULL),
(26, 7, '2023-01-10', NULL, 'Qualidade técnica do trabalho entregue e atenção ao detalhe.', NULL),
(37, 9, '2023-09-01', NULL, 'Avaliação da pontualidade e assiduidade no último semestre.', 'Sinto que atingi todos os meus objetivos principais este semestre.'),
(12, 8, '2022-12-17', NULL, 'Qualidade técnica do trabalho entregue e atenção ao detalhe.', 'Tive alguma dificuldade em gerir o projeto Y, mas aprendi muito com o processo.'),
(18, 37, '2024-12-10', NULL, 'Capacidade de resolução de problemas e tomada de decisão.', NULL),
(31, 44, '2023-01-19', NULL, 'Qualidade técnica do trabalho entregue e atenção ao detalhe.', 'Gostaria de ter mais formação na área de análise de dados para contribuir melhor.');

-- Dados para Utilizadores
INSERT INTO Utilizadores (ID_Fun, Password) VALUES
(1, 'bDpTAui61Dr1'),
(2, 'T83Uo8vSB3oG'),
(3, 'Vt3tInx9Mnfl'),
(4, 'HQT73jr9mZ9n'),
(5, '89GignuJr02D'),
(6, 'QD8P4KvAKB1u'),
(7, '5juPAsu54V2q'),
(8, '8IWSgkbwPVIf'),
(9, 'wVZYLQhe62pU'),
(10, '0ydcXVuzVTLJ'),
(11, 'yNGxKMKavB7z'),
(12, '4Np1axdbe63y'),
(13, 'VKD4vdjAb6Mo'),
(14, '69YkTctmlRA0'),
(15, '39Ygvtup1N6U'),
(16, '5csZMbiOVg1P'),
(17, '4sU6DFsvrJMa'),
(18, 'qBMREptlB5eP'),
(19, '1U3gymUy1GfB'),
(20, 'ItfWYHQiv3sX'),
(21, '4C2fq7OKVzw2'),
(22, 'I3ehEihaTJPX'),
(23, 'N3Sj20yFCrqi'),
(24, 'kN0Szkkl93jl'),
(25, 'x7jTU5WsRdG3'),
(26, '59i1jo7FEJkg'),
(27, 'StjebeMsy2aH'),
(28, '79CdwIZO168d'),
(29, '3YhhUj7j3QK9'),
(30, 'lJvwW6dJNf37'),
(31, 'NtOqndYlz1Gv'),
(32, '5NLfSxdHEvKr'),
(33, '65R4NpVw6rof'),
(34, 'V3higMoZ5WCA'),
(35, 'FveLghrWGyC5'),
(36, 'hlrNRKtsH98n'),
(37, '27BdDBZy0QP7'),
(38, 'B4HKqbC1H3QP'),
(39, '8VzgRfj66R69'),
(40, '2lCucHzWYQPg'),
(41, '7RonLwitTL2H'),
(42, 'AiTMerClP3oP'),
(43, 'CeBpGBagSXX9'),
(44, 'D9e7mZxf9hGK'),
(45, 'Mt17FNsjvbsi'),
(46, '07n1mmvzyeIB'),
(47, '5COG3sApryr9'),
(48, '1Hg4EJgjQZDp'),
(49, 'OFDeHpuSs6jr'),
(50, 'AT0N8DgQ8BP7');

-- Dados para Permissoes
INSERT INTO Permissoes (ID_Fun, Permissao) VALUES
(1, 'Admin'),
(1, 'RH'),
(2, 'Funcionario'),
(2, 'Manager'),
(2, 'Financeiro'),
(3, 'Admin'),
(3, 'Financeiro'),
(4, 'Financeiro'),
(4, 'Admin'),
(4, 'RH'),
(5, 'Admin'),
(5, 'RH'),
(6, 'Manager'),
(6, 'Funcionario'),
(6, 'RH'),
(7, 'Financeiro'),
(7, 'Manager'),
(7, 'Funcionario'),
(8, 'Admin'),
(9, 'Manager'),
(9, 'Funcionario'),
(9, 'RH'),
(10, 'RH'),
(10, 'Funcionario'),
(11, 'RH'),
(11, 'Funcionario'),
(12, 'RH'),
(12, 'Financeiro'),
(13, 'Admin'),
(13, 'Financeiro'),
(14, 'Funcionario'),
(15, 'RH'),
(15, 'Financeiro'),
(15, 'Funcionario'),
(16, 'Admin'),
(16, 'Financeiro'),
(16, 'Manager'),
(17, 'Admin'),
(18, 'Funcionario'),
(19, 'Funcionario'),
(19, 'Admin'),
(19, 'Financeiro'),
(20, 'Financeiro'),
(21, 'Financeiro'),
(21, 'Admin'),
(22, 'Financeiro'),
(22, 'RH'),
(23, 'RH'),
(24, 'RH'),
(24, 'Financeiro'),
(25, 'RH'),
(25, 'Manager'),
(26, 'RH'),
(26, 'Funcionario'),
(26, 'Manager'),
(27, 'RH'),
(28, 'RH'),
(28, 'Funcionario'),
(29, 'Financeiro'),
(29, 'Manager'),
(29, 'RH'),
(30, 'Admin'),
(30, 'Manager'),
(30, 'RH'),
(31, 'Manager'),
(32, 'Funcionario'),
(33, 'Manager'),
(33, 'Admin'),
(34, 'RH'),
(34, 'Funcionario'),
(35, 'Funcionario'),
(36, 'Financeiro'),
(36, 'Manager'),
(37, 'Funcionario'),
(37, 'RH'),
(37, 'Manager'),
(38, 'Funcionario'),
(38, 'Manager'),
(39, 'Funcionario'),
(40, 'Financeiro'),
(40, 'Funcionario'),
(41, 'Manager'),
(41, 'Financeiro'),
(42, 'Financeiro'),
(42, 'RH'),
(43, 'Manager'),
(44, 'Manager'),
(44, 'Financeiro'),
(45, 'Manager'),
(46, 'Admin'),
(46, 'RH'),
(46, 'Financeiro'),
(47, 'RH'),
(47, 'Manager'),
(47, 'Funcionario'),
(48, 'Admin'),
(48, 'Funcionario'),
(48, 'Manager'),
(49, 'RH'),
(49, 'Admin'),
(49, 'Financeiro'),
(50, 'Funcionario');
